$date
   Tue Oct  6 13:34:49 2026
$end

$version
  2025.1.0
$end

$timescale
  1ps
$end

$scope module apatb_fir_top $end
$scope module AESL_inst_fir $end
$var wire 1 ! ap_clk $end
$var wire 1 " ap_rst_n $end
$var wire 32 # s_in_TDATA [31:0] $end
$var wire 1 $ s_in_TVALID $end
$var wire 1 % s_in_TREADY $end
$var wire 4 & s_in_TKEEP [3:0] $end
$var wire 4 ' s_in_TSTRB [3:0] $end
$var wire 1 ( s_in_TLAST [0:0] $end
$var wire 32 ) m_out_TDATA [31:0] $end
$var wire 1 * m_out_TVALID $end
$var wire 1 + m_out_TREADY $end
$var wire 4 , m_out_TKEEP [3:0] $end
$var wire 4 - m_out_TSTRB [3:0] $end
$var wire 1 . m_out_TLAST [0:0] $end
$var wire 1 / s_axi_control_AWVALID $end
$var wire 1 0 s_axi_control_AWREADY $end
$var wire 4 1 s_axi_control_AWADDR [3:0] $end
$var wire 1 2 s_axi_control_WVALID $end
$var wire 1 3 s_axi_control_WREADY $end
$var wire 32 4 s_axi_control_WDATA [31:0] $end
$var wire 4 5 s_axi_control_WSTRB [3:0] $end
$var wire 1 6 s_axi_control_ARVALID $end
$var wire 1 7 s_axi_control_ARREADY $end
$var wire 4 8 s_axi_control_ARADDR [3:0] $end
$var wire 1 9 s_axi_control_RVALID $end
$var wire 1 : s_axi_control_RREADY $end
$var wire 32 ; s_axi_control_RDATA [31:0] $end
$var wire 2 < s_axi_control_RRESP [1:0] $end
$var wire 1 = s_axi_control_BVALID $end
$var wire 1 > s_axi_control_BREADY $end
$var wire 2 ? s_axi_control_BRESP [1:0] $end
$var wire 1 @ interrupt $end
$upscope $end
$upscope $end
$enddefinitions $end

#0
$dumpvars
0!
0"
b0 #
0$
0%
b0 &
b0 '
0(
b0 )
0*
0+
b0 ,
b0 -
0.
0/
00
bx 1
02
03
bx 4
b0 5
06
07
bx 8
09
0:
bx ;
b0 <
0=
0>
b0 ?
0@
$end

#5000
1!

#10000
0!

#15000
1!

#20000
0!

#25000
1!

#30000
0!

#35000
1!

#40000
0!

#45000
1!

#50000
0!

#55000
1!

#60000
0!

#65000
1!

#70000
0!

#75000
1!

#80000
0!

#85000
1!

#90000
0!

#95000
1!

#100000
0!

#105000
1!

#110000
0!

#115000
1!

#120000
0!

#125000
1!

#125100
1"
b110000000000000001 #
1$
b1111 &
b1111 '
1+

#130000
0!

#135000
1!
1%
1/
10
b0 1
17

#140000
0!

#145000
1!
b0 #
1$
1(
0/
00
12
13
b1 4
b1111 5

#150000
0!

#155000
1!
0$
0%
02
03
1=
1>

#160000
0!

#165000
1!
1%
10
0=
0>

#170000
0!

#175000
1!
b110000000000000001 )
1*
b1111 ,
b1111 -
1.

#180000
0!

#185000
1!
b0 )
1+
0.

#190000
0!

#195000
1!
1+

#200000
0!

#205000
1!
1+
1.

#210000
0!

#215000
1!
0*
1+

#220000
0!

#225000
1!

#230000
0!

#235000
1!
1*
0.

#240000
0!

#245000
1!
1+
1.

#250000
0!

#255000
1!
0*
1+
16
b0 8

#260000
0!

#265000
1!
06
07
19
1:
b1010 ;

#270000
0!

#275000
1!
17
09
0:

#280000
0!

#285000
1!
b100000000000000010 #
1$
0(

#285010
1/

#290000
0!

#295000
1!
b10000000000001010 #
1$
1(
0/
00
12
13

#300000
0!

#305000
1!
b11000100001111000100101000110000 #
1$
0%
0(
02
03
1=
1>

#310000
0!

#315000
1!
1%
10
0=
0>

#320000
0!

#325000
1!
b10100000110111101110110001000110 #
1$
b100000000000000010 )
1*

#330000
0!

#335000
1!
b101010100111101010111100000100 #
1$
0%
0*
1+

#340000
0!

#345000
1!

#350000
0!

#355000
1!
1%

#360000
0!

#365000
1!
b1011101101001010100001000011100 #
1$

#370000
0!

#375000
1!
b11000110111011110000110111100101 #
1$
1(

#380000
0!

#385000
1!
0$

#390000
0!

#395000
1!

#400000
0!

#405000
1!

#410000
0!

#415000
1!

#420000
0!

#425000
1!

#430000
0!

#435000
1!

#440000
0!

#445000
1!

#450000
0!

#455000
1!

#460000
0!

#465000
1!

#470000
0!

#475000
1!

#480000
0!

#485000
1!

#490000
0!

#495000
1!

#500000
0!

#505000
1!

#510000
0!

#515000
1!

#520000
0!

#525000
1!

#530000
0!

#535000
1!

#540000
0!

#545000
1!

#550000
0!

#555000
1!

#560000
0!

#565000
1!

#570000
0!

#575000
1!

#580000
0!

#585000
1!

#590000
0!

#595000
1!

#600000
0!

#605000
1!

#610000
0!

#615000
1!

#620000
0!

#625000
1!

#630000
0!

#635000
1!

#640000
0!

#645000
1!

#650000
0!

#655000
1!

#660000
0!

#665000
1!

#670000
0!

#675000
1!

#680000
0!

#685000
1!

#690000
0!

#695000
1!

#700000
0!

#705000
1!

#710000
0!

#715000
1!

#720000
0!

#725000
1!
b0 )
1*
0.

#730000
0!

#735000
1!
b11 )
1+
1.

#740000
0!

#745000
1!
0*
1+
16

#750000
0!

#755000
1!
06
07
19
1:

#760000
0!

#765000
1!
17
09
0:

#770000
0!

#775000
1!
b110000000000000011 #
1$
0(

#775010
1/

#780000
0!

#785000
1!
b0 #
1$
1(
0/
00
12
13

#790000
0!

#795000
1!
0$
0%
02
03
1=
1>

#800000
0!

#805000
1!
1%
10
0=
0>

#810000
0!

#815000
1!
b110000000000000011 )
1*

#820000
0!

#825000
1!
b0 )
1+
0.

#830000
0!

#835000
1!
1+

#840000
0!

#845000
1!
b110000000000000001 )
1+
1.

#850000
0!

#855000
1!
0*
1+

#860000
0!

#865000
1!

#870000
0!

#875000
1!
b0 )
1*
0.

#880000
0!

#885000
1!
1+
1.

#890000
0!

#895000
1!
0*
1+
16

#900000
0!

#905000
1!
06
07
19
1:

#910000
0!

#915000
1!
17
09
0:

#920000
0!

#925000
1!
b10000000000001010 #
1$
0(

#925010
1/

#930000
0!

#935000
1!
b100000 #
1$
1(
0/
00
12
13

#940000
0!

#945000
1!
b11011111110000101111101000110011 #
1$
0%
0(
02
03
1=
1>

#950000
0!

#955000
1!
1%
10
0=
0>

#960000
0!

#965000
1!
b11111110001110111110011110101111 #
1$
b10000000000001010 )
1*

#970000
0!

#975000
1!
b11101001011001000001101001100000 #
1$
0%
0*
1+

#980000
0!

#985000
1!

#990000
0!

#995000
1!
1%

#1000000
0!

#1005000
1!
b11010100101001111111001101011110 #
1$

#1010000
0!

#1015000
1!
b100010101111101010100101010 #
1$

#1020000
0!

#1025000
1!
b111000100000010101110100000 #
1$

#1030000
0!

#1035000
1!
b110111010111101001111111011 #
1$

#1040000
0!

#1045000
1!
b10010000000111101110001101011 #
1$

#1050000
0!

#1055000
1!
b11110011001100101111110011001011 #
1$

#1060000
0!

#1065000
1!
b11100001101000001110010010011100 #
1$

#1070000
0!

#1075000
1!
b11111011010100001111000010001011 #
1$

#1080000
0!

#1085000
1!
b10001101101110000011001010101 #
1$

#1090000
0!

#1095000
1!
b11010100001010110010101011101100 #
1$

#1100000
0!

#1105000
1!
b101101111100010100011100111 #
1$

#1110000
0!

#1115000
1!
b100010011001011101100000001101 #
1$

#1120000
0!

#1125000
1!
b11101100001001000010000100011111 #
1$
1(

#1130000
0!

#1135000
1!
0$

#1140000
0!

#1145000
1!

#1150000
0!

#1155000
1!

#1160000
0!

#1165000
1!

#1170000
0!

#1175000
1!

#1180000
0!

#1185000
1!

#1190000
0!

#1195000
1!

#1200000
0!

#1205000
1!

#1210000
0!

#1215000
1!

#1220000
0!

#1225000
1!

#1230000
0!

#1235000
1!

#1240000
0!

#1245000
1!

#1250000
0!

#1255000
1!

#1260000
0!

#1265000
1!

#1270000
0!

#1275000
1!

#1280000
0!

#1285000
1!

#1290000
0!

#1295000
1!

#1300000
0!

#1305000
1!

#1310000
0!

#1315000
1!

#1320000
0!

#1325000
1!

#1330000
0!

#1335000
1!

#1340000
0!

#1345000
1!

#1350000
0!

#1355000
1!

#1360000
0!

#1365000
1!

#1370000
0!

#1375000
1!

#1380000
0!

#1385000
1!

#1390000
0!

#1395000
1!

#1400000
0!

#1405000
1!

#1410000
0!

#1415000
1!

#1420000
0!

#1425000
1!

#1430000
0!

#1435000
1!

#1440000
0!

#1445000
1!

#1450000
0!

#1455000
1!

#1460000
0!

#1465000
1!

#1470000
0!

#1475000
1!

#1480000
0!

#1485000
1!

#1490000
0!

#1495000
1!

#1500000
0!

#1505000
1!

#1510000
0!

#1515000
1!

#1520000
0!

#1525000
1!
b100000 )
1*
0.

#1530000
0!

#1535000
1!
b0 )
1+
1.

#1540000
0!

#1545000
1!
0*
1+
16

#1550000
0!

#1555000
1!
06
07
19
1:

#1560000
0!

#1565000
1!
17
09
0:

#1570000
0!

#1575000
1!
b100000000000001011 #
1$
0(

#1575010
1/

#1580000
0!

#1585000
1!
b10000000001000000 #
1$
1(
0/
00
12
13

#1590000
0!

#1595000
1!
b11001100111111001010101011110110 #
1$
0%
0(
02
03
1=
1>

#1600000
0!

#1605000
1!
1%
10
0=
0>

#1610000
0!

#1615000
1!
b1101011001010010100111110111010 #
1$
b100000000000001011 )
1*

#1620000
0!

#1625000
1!
b11111001101010001100101111011101 #
1$
0%
0*
1+

#1630000
0!

#1635000
1!

#1640000
0!

#1645000
1!

#1650000
0!

#1655000
1!

#1660000
0!

#1665000
1!
1%

#1670000
0!

#1675000
1!
b10101110001001000011011111000011 #
1$

#1680000
0!

#1685000
1!
b10111001101000110011100000000010 #
1$

#1690000
0!

#1695000
1!
b10100010001001100101100110111101 #
1$

#1700000
0!

#1705000
1!
b111000100001010111101011001000 #
1$

#1710000
0!

#1715000
1!
b1001110100000101100011010000101 #
1$

#1720000
0!

#1725000
1!
b11111001110110110010000011011000 #
1$

#1730000
0!

#1735000
1!
b110000011110100011110101000000 #
1$

#1740000
0!

#1745000
1!
b10111010110010001001010001100010 #
1$
b10111101111000000001111011011 )
1*
0.

#1750000
0!

#1755000
1!
b11100111110011110010100110110111 #
1$
b11110001111011100001100101100100 )
1+

#1760000
0!

#1765000
1!
b1011100100111101001001001110 #
1$
b11111100011110001100011101101000 )
1+

#1770000
0!

#1775000
1!
b1111011100000101010100101010110 #
1$
b100001011011000010100101010011 )
1+

#1780000
0!

#1785000
1!
b10000001110010100000110010101010 #
1$
b11110100011000000000111111000110 )
1+

#1790000
0!

#1795000
1!
b111110011100101111011000111110 #
1$
b10111010100100101011100000111001 )
1+

#1800000
0!

#1805000
1!
b10011100010001001110111011 #
1$
b10001000010110001101010100 )
1+

#1810000
0!

#1815000
1!
b10000110011111100010010001010100 #
1$
b11001001001100011110111000110000 )
1+

#1820000
0!

#1825000
1!
b11100111000000001111111110101000 #
1$
b11000001111010110010011101011111 )
1+

#1830000
0!

#1835000
1!
b10101010110110110011110110111 #
1$
b10101110110010000001011001100 )
1+

#1840000
0!

#1845000
1!
b1011010011101111010110110001011 #
1$
b1101101011101001101011001101 )
1+

#1850000
0!

#1855000
1!
b1111110111101001100100111101110 #
1$
b100100010100001111010001000011 )
1+

#1860000
0!

#1865000
1!
b1011001001001111101101100110001 #
1$
b1001110010111011000000000000000 )
1+

#1870000
0!

#1875000
1!
b111000111100110100011000111101 #
1$
b11110010100101110001111001011110 )
1+

#1880000
0!

#1885000
1!
b10000101101111110010011011101111 #
1$
b100010001100100100011101011001 )
1+

#1890000
0!

#1895000
1!
b1011111100011111011010011011000 #
1$
b11011011011001101000001010000101 )
1+

#1900000
0!

#1905000
1!
b11110110010100010011111010010011 #
1$
b10011100111100000111111111111111 )
1+

#1910000
0!

#1915000
1!
b101000001000110100010110000011 #
1$
b11010001100110101111100000001001 )
1+

#1920000
0!

#1925000
1!
b1000100001100100010100101110 #
1$
b101101010000110101001110100111 )
1+

#1930000
0!

#1935000
1!
b11101000011100001001010000010000 #
1$
b11001011111100100010010010001011 )
1+

#1940000
0!

#1945000
1!
b1011100110110001011011001001110 #
1$
b100001000001001110010010011011 )
1+

#1950000
0!

#1955000
1!
b10110011111100100110010100110111 #
1$
1(
b11110010100110100111111111111111 )
1+

#1960000
0!

#1965000
1!
0$
b1000001001001111000001111 )
1+

#1970000
0!

#1975000
1!
b10111010001000000000000000 )
1+

#1980000
0!

#1985000
1!
b101111001101000010101101000000 )
1+

#1990000
0!

#1995000
1!
b1100100001110101000000000000000 )
1+

#2000000
0!

#2005000
1!
b10000000000000001001011110000011 )
1+

#2010000
0!

#2015000
1!
b10001101010100100110001000000110 )
1+

#2020000
0!

#2025000
1!
b101111001011000011011101010001 )
1+

#2030000
0!

#2035000
1!
b10000000000000001101101011011100 )
1+

#2040000
0!

#2045000
1!
b11001101101100010001111110101 )
1+

#2050000
0!

#2055000
1!
b10101000101101001101000101001101 )
1+
1.

#2060000
0!

#2065000
1!
0*
1+

#2070000
0!

#2075000
1!

#2080000
0!

#2085000
1!

#2090000
0!

#2095000
1!

#2100000
0!

#2105000
1!
b10000000000000001000000 )
1*
0.

#2110000
0!

#2115000
1!
b0 )
1+
1.

#2120000
0!

#2125000
1!
0*
1+
16

#2130000
0!

#2135000
1!
06
07
19
1:

#2140000
0!

#2145000
1!
17
09
0:

#2150000
0!

#2155000
1!
b100000000000001100 #
1$
0(

#2155010
1/

#2160000
0!

#2165000
1!
b10000010000000000 #
1$
1(
0/
00
12
13

#2170000
0!

#2175000
1!
b11010100010110110110000100100010 #
1$
0%
0(
02
03
1=
1>

#2180000
0!

#2185000
1!
1%
10
0=
0>

#2190000
0!

#2195000
1!
b11000101101011011011010010100000 #
1$
b100000000000001100 )
1*

#2200000
0!

#2205000
1!
b10111101010100000000110100100110 #
1$
0%
0*
1+

#2210000
0!

#2215000
1!

#2220000
0!

#2225000
1!

#2230000
0!

#2235000
1!

#2240000
0!

#2245000
1!
1%

#2250000
0!

#2255000
1!
b110011000010011100001100111111 #
1$

#2260000
0!

#2265000
1!
b110010100001011110101010010001 #
1$

#2270000
0!

#2275000
1!
b10011000111110101000010101011100 #
1$

#2280000
0!

#2285000
1!
b11011100101010101100100000100001 #
1$

#2290000
0!

#2295000
1!
b11100101010001001100010101001011 #
1$

#2300000
0!

#2305000
1!
b11110101110000110110101101001100 #
1$

#2310000
0!

#2315000
1!
b1001010000101010001011010000101 #
1$

#2320000
0!

#2325000
1!
b10100100111011011010110101110001 #
1$
b110000100010111011000000000010 )
1*
0.

#2330000
0!

#2335000
1!
b11111001000011110110101110100 #
1$
b1111111111111111100111111111101 )
1+

#2340000
0!

#2345000
1!
b10011110101000001111111000110001 #
1$
b11001011101110000000001001101100 )
1+

#2350000
0!

#2355000
1!
b1101100100110010010001100101010 #
1$
b100110000010001110111100010011 )
1+

#2360000
0!

#2365000
1!
b1100110000000010000100001001110 #
1$
b10010110000001000101001100101100 )
1+

#2370000
0!

#2375000
1!
b11100110011110001110101111000110 #
1$
b1100000110011100010110000111001 )
1+

#2380000
0!

#2385000
1!
b101001010101100111110010000 #
1$
b1111111111111111101101011111010 )
1+

#2390000
0!

#2395000
1!
b10011011000010010001001100110011 #
1$
b10111110101101000011010101101011 )
1+

#2400000
0!

#2405000
1!
b10100111001100100111100111010000 #
1$
b1000101101000010000101011010101 )
1+

#2410000
0!

#2415000
1!
b11001111011110110000110110010000 #
1$
b1011000100110010000001010100011 )
1+

#2420000
0!

#2425000
1!
b100100111000000110001100010011 #
1$
b101000111111010001001000110011 )
1+

#2430000
0!

#2435000
1!
b10000110111111011000001111101000 #
1$
b11100110010011000111111111111111 )
1+

#2440000
0!

#2445000
1!
b1010010000010111011001111111110 #
1$
b10010000001010000011110111010011 )
1+

#2450000
0!

#2455000
1!
b1101000010000101110101100001 #
1$
b1111100100010000011010011001010 )
1+

#2460000
0!

#2465000
1!
b100101100011000001000111001000 #
1$
b10100001011001110100111001111 )
1+

#2470000
0!

#2475000
1!
b10110001111111110011010000 #
1$
b11111000110011010010010010001111 )
1+

#2480000
0!

#2485000
1!
b11111101100100111101111001101001 #
1$
b1110101110011001111011011101000 )
1+

#2490000
0!

#2495000
1!
b111111011100011100101110010110 #
1$
b10000000000000001001011000101110 )
1+

#2500000
0!

#2505000
1!
b110111100000110010110111000111 #
1$
b11110001101001001100101101111011 )
1+

#2510000
0!

#2515000
1!
b11100101010000101101110110100000 #
1$
b1100001110010000010100001001111 )
1+

#2520000
0!

#2525000
1!
b11010010000101110111101101011 #
1$
b10000000000000000010101110111010 )
1+

#2530000
0!

#2535000
1!
b10000010010001100100011011011111 #
1$
b100010011000101100000110111 )
1+

#2540000
0!

#2545000
1!
b1011100101101110111001000111001 #
1$
b111111001111100000010111111010 )
1+

#2550000
0!

#2555000
1!
b11000111000110000111111001100000 #
1$
b10000000000000001111010000010000 )
1+

#2560000
0!

#2565000
1!
b1011111000011111110000100011 #
1$
b1111111111111111001011001110101 )
1+

#2570000
0!

#2575000
1!
b11011011011101101010001101011111 #
1$
b1100011011100010101000010101111 )
1+

#2580000
0!

#2585000
1!
b10011110011111001000011001100001 #
1$
b10110011000001010000110111010 )
1+

#2590000
0!

#2595000
1!
b11010000110110111111111010100001 #
1$
b101000110011011000000000000000 )
1+

#2600000
0!

#2605000
1!
b1010101111010101001001110001100 #
1$
b11011100111001100111001011011011 )
1+

#2610000
0!

#2615000
1!
b10111011010011011001111000100010 #
1$
b1000000001100101000000011 )
1+

#2620000
0!

#2625000
1!
b100001101101011110000011110 #
1$
b11010000101100010101100011110110 )
1+

#2630000
0!

#2635000
1!
b10000111001100000111110111110011 #
1$
b11010011000111100011101101101010 )
1+

#2640000
0!

#2645000
1!
b11010101010001001010100110000111 #
1$
b11001100111111011100100111011010 )
1+

#2650000
0!

#2655000
1!
b10000001111001001001110000110001 #
1$
b10010000010001101110110010110010 )
1+

#2660000
0!

#2665000
1!
b10111001010000000110101001111001 #
1$
b11010100100100101110010111110010 )
1+

#2670000
0!

#2675000
1!
b1100010011000000001111100111111 #
1$
b1110011100101100111011000 )
1+

#2680000
0!

#2685000
1!
b10001010110100110011110101101010 #
1$
b10001110101011100000001111110101 )
1+

#2690000
0!

#2695000
1!
b10001100110110101101101011001111 #
1$
b1111111111111111110100101100011 )
1+

#2700000
0!

#2705000
1!
b11110110101000110110111100001111 #
1$
b1000011001101101110011010110110 )
1+

#2710000
0!

#2715000
1!
b11100110100100110111100111100001 #
1$
b1111111111111111111010101100010 )
1+

#2720000
0!

#2725000
1!
b10010000000110000000111011110110 #
1$
b1110011000010100001010001000110 )
1+

#2730000
0!

#2735000
1!
b1011011101010000111110010100001 #
1$
b10111011011111101100111000010110 )
1+

#2740000
0!

#2745000
1!
b10111011011010110000000101111011 #
1$
b1000011101000010001100010010010 )
1+

#2750000
0!

#2755000
1!
b11101111110010111111000010010010 #
1$
b111111011111010111111111111111 )
1+

#2760000
0!

#2765000
1!
b11001100010010110100100100010010 #
1$
b10110000111110100111111111111111 )
1+

#2770000
0!

#2775000
1!
b1001111010010010010010011101101 #
1$
b1111111111111110110010010110000 )
1+

#2780000
0!

#2785000
1!
b1000110111011001011001101010101 #
1$
b10111100101010100111111111111111 )
1+

#2790000
0!

#2795000
1!
b10110100010011000000001111010011 #
1$
b1111111111111110010111111000110 )
1+

#2800000
0!

#2805000
1!
b1100010010100101000010000110110 #
1$
b11100001011010011010111010011001 )
1+

#2810000
0!

#2815000
1!
b10010000001010100110000000101011 #
1$
b10000100111000000011111011101001 )
1+

#2820000
0!

#2825000
1!
b10010111111011000000101011011101 #
1$
b1111111111111110001001001110110 )
1+

#2830000
0!

#2835000
1!
b10001110110010011000101111010010 #
1$
b1001111011111011001011101000 )
1+

#2840000
0!

#2845000
1!
b1110010100111000000010000 #
1$
b10011001010110011011101100110100 )
1+

#2850000
0!

#2855000
1!
b1000101101010110111111111011011 #
1$
b110100110011110111010110010110 )
1+

#2860000
0!

#2865000
1!
b10011011010101100011110011000000 #
1$
b10100010101100111111101101110111 )
1+

#2870000
0!

#2875000
1!
b10000001100101110111001101011 #
1$
b101100001101111000000000000000 )
1+

#2880000
0!

#2885000
1!
b10100011100001100001011101100111 #
1$
b11110010011100000111000111011000 )
1+

#2890000
0!

#2895000
1!
b11100111010101000001010011110 #
1$
b11100011101011100100010000110001 )
1+

#2900000
0!

#2905000
1!
b1101111110001101001101111000011 #
1$
b110000000111101000000000000000 )
1+

#2910000
0!

#2915000
1!
b1101101011011011101010010111100 #
1$
b10000000000000000010110010001001 )
1+

#2920000
0!

#2925000
1!
b11101100001100001110100101001000 #
1$
b1000111111111100011101010100001 )
1+

#2930000
0!

#2935000
1!
b1100110011000100100000110000101 #
1$
b11001111111110010011100100110 )
1+

#2940000
0!

#2945000
1!
b11110001010100011010101110110100 #
1$
b10000000000000000101010100001110 )
1+

#2950000
0!

#2955000
1!
b110011001110111001110110111001 #
1$
b11110111000001000100000001110000 )
1+

#2960000
0!

#2965000
1!
b10100100001111010011001010001100 #
1$
b11111010011100100111111111111111 )
1+

#2970000
0!

#2975000
1!
b1111010111100100110001101010110 #
1$
b10110110010111110010111011001011 )
1+

#2980000
0!

#2985000
1!
b1001101011011100110000100110001 #
1$
b11010111011101101101111100011000 )
1+

#2990000
0!

#2995000
1!
b11000111010101110011110111101110 #
1$
b1010001010011010100101101000010 )
1+

#3000000
0!

#3005000
1!
b11001110101000000111101111001011 #
1$
b1111111111111111111010110101111 )
1+

#3010000
0!

#3015000
1!
b110011111100110000010110100111 #
1$
b11011001100000011000000000000000 )
1+

#3020000
0!

#3025000
1!
b11010011011101110100011001000011 #
1$
b1111111111111110011100110101101 )
1+

#3030000
0!

#3035000
1!
b11111001101000011110101011001100 #
1$
b101000000001101100100111101 )
1+

#3040000
0!

#3045000
1!
b11010011101111101101101001101110 #
1$
b10000000000000001001101000001101 )
1+

#3050000
0!

#3055000
1!
b10111101111110000110100100101011 #
1$
b1111111111111111100111100100011 )
1+

#3060000
0!

#3065000
1!
b10100110001000111110111001000010 #
1$
b10000101111111010011110111110010 )
1+

#3070000
0!

#3075000
1!
b1001110010000000011111100011000 #
1$
b10100011101101010111010001001010 )
1+

#3080000
0!

#3085000
1!
b10001111110111001111111100111100 #
1$
b11110100100000100010110111000111 )
1+

#3090000
0!

#3095000
1!
b11000000111000001001110010111001 #
1$
b10010010000100010011111111110101 )
1+

#3100000
0!

#3105000
1!
b10111001101101001010000001111010 #
1$
b10111110110110111110000010010101 )
1+

#3110000
0!

#3115000
1!
b10101100010000000001010010111 #
1$
b10000000000000001101000001101111 )
1+

#3120000
0!

#3125000
1!
b1101110110100110011010100101010 #
1$
b110001011011001010100010011010 )
1+

#3130000
0!

#3135000
1!
b11111001010010000011111000010011 #
1$
b111011100011111011100110100010 )
1+

#3140000
0!

#3145000
1!
b1011110101100101101010111110000 #
1$
b11100111011110001100000001000000 )
1+

#3150000
0!

#3155000
1!
b111011001010101000001001011011 #
1$
b11000011001001000010111011100011 )
1+

#3160000
0!

#3165000
1!
b11111110000000100000100010001010 #
1$
b1111111111111111000000000000000 )
1+

#3170000
0!

#3175000
1!
b11001000110011111011000010000111 #
1$
b11010000011101011000111110011001 )
1+

#3180000
0!

#3185000
1!
b10001010100110001101000111110011 #
1$
b10101100000100001100011100011010 )
1+

#3190000
0!

#3195000
1!
b10001110000000001000100000010 #
1$
b110001000100110110011100010101 )
1+

#3200000
0!

#3205000
1!
b1100110101100101110010001001111 #
1$
b1101101010001100110000110010100 )
1+

#3210000
0!

#3215000
1!
b10010010100011011111010110000001 #
1$
b11010101101000101010000000000000 )
1+

#3220000
0!

#3225000
1!
b11011110001000101000110011101010 #
1$
b1101111111100100111111111111111 )
1+

#3230000
0!

#3235000
1!
b1011100100000011010111011011010 #
1$
b101111110000010101111011000100 )
1+

#3240000
0!

#3245000
1!
b1110110101101110101011110000110 #
1$
b100011000010111011110100110101 )
1+

#3250000
0!

#3255000
1!
b11111101000100100000001100001010 #
1$
b11000100100110100010101001100011 )
1+

#3260000
0!

#3265000
1!
b100010110100000110001010010111 #
1$
b11000001001101101101011110011 )
1+

#3270000
0!

#3275000
1!
b10110001111000100101101101111000 #
1$
b10110110111100000010010011011 )
1+

#3280000
0!

#3285000
1!
b10001110011101011011000101110011 #
1$
b11101111011100111100001010111 )
1+

#3290000
0!

#3295000
1!
b1001001110010011110011001001011 #
1$
b1000010111100000011111111111011 )
1+

#3300000
0!

#3305000
1!
b1100011000110000011010011001 #
1$
b11011111001001011111101011110101 )
1+

#3310000
0!

#3315000
1!
b10100000100110011001100011110110 #
1$
b10000000000000000011000010111110 )
1+

#3320000
0!

#3325000
1!
b11011110000011101001010111011001 #
1$
b110111111101010010111100101000 )
1+

#3330000
0!

#3335000
1!
b111101011010000101011101101011 #
1$
b10110111001111001111101100110000 )
1+

#3340000
0!

#3345000
1!
b11001100001100010101001110100011 #
1$
b100001100100010001110100001101 )
1+

#3350000
0!

#3355000
1!
b1110101011101111110001000011111 #
1$
b1111111111111111100011001010100 )
1+

#3360000
0!

#3365000
1!
b110000011100110011010011100010 #
1$
b11110010111111110101001011111000 )
1+

#3370000
0!

#3375000
1!
b10011011001010000000010010010111 #
1$
b111010000011111001010101000011 )
1+

#3380000
0!

#3385000
1!
b11011110101001110011111101100110 #
1$
b100001000111101110001111000 )
1+

#3390000
0!

#3395000
1!
b111001010100011101000010101111 #
1$
b10110000110011010111111111111111 )
1+

#3400000
0!

#3405000
1!
b10101011010001011111100101011010 #
1$
b10010011111111111000000000000000 )
1+

#3410000
0!

#3415000
1!
b11100101000010100110010010011000 #
1$
b1111010001101000111111111111111 )
1+

#3420000
0!

#3425000
1!
b11100111110110010101000100001111 #
1$
b1111000110101010111110110111101 )
1+

#3430000
0!

#3435000
1!
b1001101010101001100111101011001 #
1$
b10000000000000001000000000000000 )
1+

#3440000
0!

#3445000
1!
b11010000011000110110000110111011 #
1$
b100001101101111011111110011010 )
1+

#3450000
0!

#3455000
1!
b1101100011111110011000010010 #
1$
b1111111111111110100010100100000 )
1+

#3460000
0!

#3465000
1!
b100001110010111010110000 #
1$
b10000000000000001010111100111000 )
1+

#3470000
0!

#3475000
1!
b1010011111000110011011000100101 #
1$
b110100110101001101011000010101 )
1+

#3480000
0!

#3485000
1!
b1011000101101011110011011010100 #
1$
b1010010100001000111111111111111 )
1+

#3490000
0!

#3495000
1!
b1111010010010000101001110111100 #
1$
b10000000000000000010001111110110 )
1+

#3500000
0!

#3505000
1!
b1011000100001111111011100100001 #
1$
b1000000001100101011000011100100 )
1+

#3510000
0!

#3515000
1!
b1110000110111000111010111101111 #
1$
b1101010111101000111111111111111 )
1+

#3520000
0!

#3525000
1!
b11100100001011100110111111001011 #
1$
b10000000000000001100000111100110 )
1+

#3530000
0!

#3535000
1!
b11101111110011010110011001110111 #
1$
b10110100011110011011010101110010 )
1+

#3540000
0!

#3545000
1!
b1001111001111100110100010001001 #
1$
b110000101001110100010110111 )
1+

#3550000
0!

#3555000
1!
b10100000101110111010010110100100 #
1$
b11001010100100101100001001100100 )
1+

#3560000
0!

#3565000
1!
b10111110110100000010010111111001 #
1$
b11000100111011010001011111110011 )
1+

#3570000
0!

#3575000
1!
b1000111111001100011110110111001 #
1$
b100000110001101111001101111111 )
1+

#3580000
0!

#3585000
1!
b1000111010010010000011101011100 #
1$
b1111111111111111000010111000101 )
1+

#3590000
0!

#3595000
1!
b10001110111000000011101111011 #
1$
b10000000000000000001000110011101 )
1+

#3600000
0!

#3605000
1!
b10110000111101011001110010000 #
1$
b10101110001110001100101011001101 )
1+

#3610000
0!

#3615000
1!
b11110110010011010100100101001 #
1$
b100000100111100101000110101 )
1+

#3620000
0!

#3625000
1!
b1000100011101010100100001111011 #
1$
b10101011000001011000000000000000 )
1+

#3630000
0!

#3635000
1!
b1001010000001011010011001001100 #
1$
b10000000000000001101101101001110 )
1+

#3640000
0!

#3645000
1!
b10100110000111100011101001101011 #
1$
b10000000000000000011000110011011 )
1+

#3650000
0!

#3655000
1!
b100110101010011001001110111010 #
1$
b10111001000011001000000000000000 )
1+

#3660000
0!

#3665000
1!
b11111111100011001110100110001001 #
1$
b10110111000100110010001100111011 )
1+

#3670000
0!

#3675000
1!
b10111101000111101000011000100101 #
1$
b10000000000000000000101110010010 )
1+

#3680000
0!

#3685000
1!
b100010000001000010100100001110 #
1$
b11110100110010001000000000000000 )
1+

#3690000
0!

#3695000
1!
b11010111101000001100101011111100 #
1$
b10000110000010111111110011 )
1+

#3700000
0!

#3705000
1!
b11010111000101001111011110111011 #
1$
b1111010001101000000000000000 )
1+

#3710000
0!

#3715000
1!
b11010000001010011100100101010100 #
1$
b11011100001110101001110010000001 )
1+

#3720000
0!

#3725000
1!
b1101111110110000010000001001 #
1$
b1001000100101100000101100110000 )
1+

#3730000
0!

#3735000
1!
b10111111110001110010100001011011 #
1$
b1011010001011101000110110101001 )
1+

#3740000
0!

#3745000
1!
b11010000010001101010101010111010 #
1$
b11110011010100110101111101100110 )
1+

#3750000
0!

#3755000
1!
b1010110000101000100011011101100 #
1$
b1101101010000011111000100110 )
1+

#3760000
0!

#3765000
1!
b11100100010111110100100001010010 #
1$
b11011000001100100100000111110000 )
1+

#3770000
0!

#3775000
1!
b10010001101110111000100110001 #
1$
b11011100101001111011010001011 )
1+

#3780000
0!

#3785000
1!
b10101011101101110000101110101 #
1$
b11100001110011000000110111111001 )
1+

#3790000
0!

#3795000
1!
b11101111001011110101111110000101 #
1$
b11010101011010110111111111111111 )
1+

#3800000
0!

#3805000
1!
b11001110011111101001011111111011 #
1$
b1111111111111111111001011010001 )
1+

#3810000
0!

#3815000
1!
b11110110111010110111111001110000 #
1$
b1101100110001111011010100 )
1+

#3820000
0!

#3825000
1!
b1100001100110101011011001010011 #
1$
b11011101011100011111011110010100 )
1+

#3830000
0!

#3835000
1!
b11010001111001001101111110110100 #
1$
b1110100000100000010000011010010 )
1+

#3840000
0!

#3845000
1!
b1110010001110011001011111101111 #
1$
b110001000111110101010100000001 )
1+

#3850000
0!

#3855000
1!
b11100011100101010101010111001011 #
1$
b111100000000000100010001100111 )
1+

#3860000
0!

#3865000
1!
b11000001000011101111110001100110 #
1$
b11100100001111011000111101011001 )
1+

#3870000
0!

#3875000
1!
b1101011010001010111011001011111 #
1$
b101111001011000111111111111111 )
1+

#3880000
0!

#3885000
1!
b10111110001000011010010100000101 #
1$
b100010010011001100001000111010 )
1+

#3890000
0!

#3895000
1!
b10110111110101110110010001001110 #
1$
b10001100110110101001001010101010 )
1+

#3900000
0!

#3905000
1!
b1001111000000001101110000001011 #
1$
b1011010000100110001101110111100 )
1+

#3910000
0!

#3915000
1!
b1011000100111101011110001111101 #
1$
b11000110001010110010001010111001 )
1+

#3920000
0!

#3925000
1!
b10101111100100010010100000111001 #
1$
b11100101010000111000000000000000 )
1+

#3930000
0!

#3935000
1!
b10101100000010011000011110111010 #
1$
b111011100011110000111101001100 )
1+

#3940000
0!

#3945000
1!
b1110101110000010000011010000101 #
1$
b11111111010000010001110101101010 )
1+

#3950000
0!

#3955000
1!
b10100000110110111111100100111110 #
1$
b10000000000000001000000000000000 )
1+

#3960000
0!

#3965000
1!
b10110000000000101000110001101010 #
1$
b100101011100111110010110100000 )
1+

#3970000
0!

#3975000
1!
b11110001000111001110111100100110 #
1$
b110000000110110000110111111100 )
1+

#3980000
0!

#3985000
1!
b11111000110011100111000001111 #
1$
b10000000000000001100001101110111 )
1+

#3990000
0!

#3995000
1!
b11000001010000011011111110100111 #
1$
b11111011101011100101101000011111 )
1+

#4000000
0!

#4005000
1!
b1000110000000110111000100111 #
1$
b1111111001100111011001111011 )
1+

#4010000
0!

#4015000
1!
b10010011110010001100100101001 #
1$
b10000000000000001010110011100101 )
1+

#4020000
0!

#4025000
1!
b10101000000111010011101110110 #
1$
b1100100000101100111011000101111 )
1+

#4030000
0!

#4035000
1!
b10001010110101010100000111010011 #
1$
b100110000111011010101010011100 )
1+

#4040000
0!

#4045000
1!
b11000111011001011101111010011011 #
1$
b11010110111010100110011001100000 )
1+

#4050000
0!

#4055000
1!
b1100111111100000001100101001110 #
1$
b1000001100000101000000000000000 )
1+

#4060000
0!

#4065000
1!
b10010000101001111110000101000011 #
1$
b1111111111111110100000011110000 )
1+

#4070000
0!

#4075000
1!
b11001111010011000010001101110111 #
1$
b11100001000010010101100000110101 )
1+

#4080000
0!

#4085000
1!
b10100011111001000010111010010011 #
1$
b10001001101100111110101010100000 )
1+

#4090000
0!

#4095000
1!
b11100011011010001100100010010101 #
1$
b1111111111111110111111111111111 )
1+

#4100000
0!

#4105000
1!
b1100110101100101010011000000 #
1$
b111001101000011010100010010 )
1+

#4110000
0!

#4115000
1!
b110100100101010001111000111101 #
1$
b10001100101010011000010110100001 )
1+

#4120000
0!

#4125000
1!
b1100001111111100001101011110010 #
1$
b1111111111111110111111111111111 )
1+

#4130000
0!

#4135000
1!
b100011010010101011011111001111 #
1$
b1100011011101011011110001001101 )
1+

#4140000
0!

#4145000
1!
b1110101000001100000100000011 #
1$
b10110010011101101010001000011101 )
1+

#4150000
0!

#4155000
1!
b1101010111100001110010100110111 #
1$
b100000110110110111111111111111 )
1+

#4160000
0!

#4165000
1!
b1100100111101000100010101011 #
1$
b1001111001011100001010011011100 )
1+

#4170000
0!

#4175000
1!
b11011101010100001000111000000010 #
1$
b1000111010100101101011000001010 )
1+

#4180000
0!

#4185000
1!
b10111101000100000010100110100101 #
1$
b10010001001101110000101110110100 )
1+

#4190000
0!

#4195000
1!
b101100111101101101000100000100 #
1$
b1000101000110000101010111110 )
1+

#4200000
0!

#4205000
1!
b100101011110100011100001100001 #
1$
b111000000011100001110110010111 )
1+

#4210000
0!

#4215000
1!
b11010110101000001001001100100111 #
1$
b11100001100011101000100100010010 )
1+

#4220000
0!

#4225000
1!
b1011100111111100011110101111001 #
1$
b11010001111010100101110110001000 )
1+

#4230000
0!

#4235000
1!
b11100101000110101011011011010100 #
1$
b100100000111010110000010101110 )
1+

#4240000
0!

#4245000
1!
b10011111110111110101111010011010 #
1$
b1100110000000001000000000000000 )
1+

#4250000
0!

#4255000
1!
b11100000010110000110100000010010 #
1$
b11011111101011001101100110111001 )
1+

#4260000
0!

#4265000
1!
b11110000101000110011000001110110 #
1$
b11110000000010010001001000100010 )
1+

#4270000
0!

#4275000
1!
b11100000001100101110010011101111 #
1$
b1111111111111110000011110111110 )
1+

#4280000
0!

#4285000
1!
b1101001000101001000011010010000 #
1$
b11101011011001101100010111101010 )
1+

#4290000
0!

#4295000
1!
b1101100010110000100001011011000 #
1$
b10000111000011010000010011100111 )
1+

#4300000
0!

#4305000
1!
b1110101111111010001000000010100 #
1$
b11001010101110010111111111111111 )
1+

#4310000
0!

#4315000
1!
b11011011101001101001010100010001 #
1$
b11010000011000011101100010110000 )
1+

#4320000
0!

#4325000
1!
b11111010111001000001001000011011 #
1$
b11010100100111100100000101011110 )
1+

#4330000
0!

#4335000
1!
b10011010001010001000000110010011 #
1$
b10111110010010100101111010001001 )
1+

#4340000
0!

#4345000
1!
b1010011101100111111001110001101 #
1$
b1101010000001001111011101001010 )
1+

#4350000
0!

#4355000
1!
b11001001010100110001110011111110 #
1$
b1000110111111100000110110011110 )
1+

#4360000
0!

#4365000
1!
b1100011100101010100110101111011 #
1$
b11011010011000101010011110101110 )
1+

#4370000
0!

#4375000
1!
b1101011001101001100101001100101 #
1$
b110000101001100111111111111111 )
1+

#4380000
0!

#4385000
1!
b10011100110101011101101100111 #
1$
b100111000001011100001110011010 )
1+

#4390000
0!

#4395000
1!
b111000001010111101010011000010 #
1$
b10100010010100001001010101001101 )
1+

#4400000
0!

#4405000
1!
b10001101101110011000111100100111 #
1$
b10011110110010000001001010100 )
1+

#4410000
0!

#4415000
1!
b10101101010000100110111001110110 #
1$
b1110100101100011101100100101101 )
1+

#4420000
0!

#4425000
1!
b101010110110110110000101110001 #
1$
b11101101111000000000000000 )
1+

#4430000
0!

#4435000
1!
b111001111010010001101000100101 #
1$
b101010001011101000000000000000 )
1+

#4440000
0!

#4445000
1!
b10001100111101001001001100011000 #
1$
b1000101100110110001100001000 )
1+

#4450000
0!

#4455000
1!
b10000101001110111001010101101000 #
1$
b11101101101000000010001001001100 )
1+

#4460000
0!

#4465000
1!
b11110010100010100110111010011100 #
1$
b10111110101101111101000011001001 )
1+

#4470000
0!

#4475000
1!
b11010000110100011001111111111111 #
1$
b10100111101101000111111111111111 )
1+

#4480000
0!

#4485000
1!
b1100111100000001010010101001010 #
1$
b10011110010011011011001010011100 )
1+

#4490000
0!

#4495000
1!
b10000001110111110100100100010100 #
1$
b11101111010001011011100011111 )
1+

#4500000
0!

#4505000
1!
b101000000100001100110100110001 #
1$
b1000110110000101100101001100000 )
1+

#4510000
0!

#4515000
1!
b10111001001110111110100101011011 #
1$
b1100000101010110001111110110101 )
1+

#4520000
0!

#4525000
1!
b11101101000111001110100011110111 #
1$
b101011101000000001000101110110 )
1+

#4530000
0!

#4535000
1!
b1101110111010011001100110111 #
1$
b10000000011011100010110100101 )
1+

#4540000
0!

#4545000
1!
b11101010010101111100011101010 #
1$
b10100110010001000111101000001111 )
1+

#4550000
0!

#4555000
1!
b10010111101000000100111111101100 #
1$
b11011101010001100001101000111110 )
1+

#4560000
0!

#4565000
1!
b1000001101011011111111011110101 #
1$
b11001011001110001101101110110111 )
1+

#4570000
0!

#4575000
1!
b1011110000001111100101001011011 #
1$
b1111111111111110000001011000001 )
1+

#4580000
0!

#4585000
1!
b10001000110111101011000111001111 #
1$
b1101000010100100111000011101010 )
1+

#4590000
0!

#4595000
1!
b1000011100011110100000101001000 #
1$
b1010010001000101111000111100010 )
1+

#4600000
0!

#4605000
1!
b1111110011100011011100000110001 #
1$
b1110110101001101000101010100111 )
1+

#4610000
0!

#4615000
1!
b10001001010001010001101111100001 #
1$
b1110011100111111111111111 )
1+

#4620000
0!

#4625000
1!
b11011001010110010001100111110101 #
1$
b10101011101101000000000000000 )
1+

#4630000
0!

#4635000
1!
b11000110010011110111011010010111 #
1$
b110001100111110000110011111001 )
1+

#4640000
0!

#4645000
1!
b1100000010101001001011011110001 #
1$
b11100000010001110111111111111111 )
1+

#4650000
0!

#4655000
1!
b11010011111100101011010100100000 #
1$
b1001111100001101101100101010101 )
1+

#4660000
0!

#4665000
1!
b11010100000010010010100101011011 #
1$
b10110010101111101100100101010 )
1+

#4670000
0!

#4675000
1!
b11111110110011101101010010110101 #
1$
b10101000100101010000001101111000 )
1+

#4680000
0!

#4685000
1!
b1010110011101010000011101010 #
1$
b11001000010001010101111000101101 )
1+

#4690000
0!

#4695000
1!
b1111110010001100110010100110110 #
1$
b1100101010101001111000011111011 )
1+

#4700000
0!

#4705000
1!
b11000000001000011101101000010 #
1$
b11001110000111000000000000000 )
1+

#4710000
0!

#4715000
1!
b1011111011001011011100011111001 #
1$
b11100110011010000001000110100110 )
1+

#4720000
0!

#4725000
1!
b110101110110111001100001011111 #
1$
b100000011011100100010101010001 )
1+

#4730000
0!

#4735000
1!
b11110110110111100101011110101000 #
1$
b10101111111111011000000000000000 )
1+

#4740000
0!

#4745000
1!
b1001111101101110001000111101001 #
1$
b10110000001100110011101010111110 )
1+

#4750000
0!

#4755000
1!
b10001000011011000110110111111000 #
1$
b111110000100000110000100001110 )
1+

#4760000
0!

#4765000
1!
b11101000111011010000010001100110 #
1$
b10111000001001111111101000100100 )
1+

#4770000
0!

#4775000
1!
b1011101010111101011101100011010 #
1$
b101001111101111111000010100001 )
1+

#4780000
0!

#4785000
1!
b11010110000001011010001000110001 #
1$
b110000101100111111111111111 )
1+

#4790000
0!

#4795000
1!
b10111010000101011110101011111100 #
1$
b1111111111111111000000000000000 )
1+

#4800000
0!

#4805000
1!
b100011110100000010111100011011 #
1$
b11010010011110001000000000000000 )
1+

#4810000
0!

#4815000
1!
b10100111110111001000000100011001 #
1$
b11000000101011100111111111111111 )
1+

#4820000
0!

#4825000
1!
b1100001010100101110010100110101 #
1$
b1100010000001110000100010100101 )
1+

#4830000
0!

#4835000
1!
b11101100111011001110011101100001 #
1$
b11000001110100101000000000000000 )
1+

#4840000
0!

#4845000
1!
b1001001110010010010101111000111 #
1$
b11110000011010000111111111111111 )
1+

#4850000
0!

#4855000
1!
b101011100010111011000111101001 #
1$
b10101101000010000011010110000110 )
1+

#4860000
0!

#4865000
1!
b1100011101110100110000001000110 #
1$
b100100111011101101010111101110 )
1+

#4870000
0!

#4875000
1!
b1000100110100001101001100111000 #
1$
b11100001001111001010001100110 )
1+

#4880000
0!

#4885000
1!
b10100111000111100101001110101001 #
1$
b10000000000000000110000100010000 )
1+

#4890000
0!

#4895000
1!
b1101101001111110101001111011111 #
1$
b1011011001011100001101010001001 )
1+

#4900000
0!

#4905000
1!
b1011111000101010110001010000111 #
1$
b111111010010101001111010101110 )
1+

#4910000
0!

#4915000
1!
b11111111100100111100001001000010 #
1$
b10110110000111111000111111000 )
1+

#4920000
0!

#4925000
1!
b10010110101011010101011100000001 #
1$
b1101101010111110101000000001011 )
1+

#4930000
0!

#4935000
1!
b10110101001000101011101100000010 #
1$
b11101000111111111000001100111011 )
1+

#4940000
0!

#4945000
1!
b10011101011000111110011001000001 #
1$
b1101111101010101110010001111010 )
1+

#4950000
0!

#4955000
1!
b1111100010001111010110101111100 #
1$
b10001010000110110110010001110 )
1+

#4960000
0!

#4965000
1!
b1010000110000111111101111110000 #
1$
b11001101010100010010000111111100 )
1+

#4970000
0!

#4975000
1!
b10001100110110101001001100111111 #
1$
b1001100101010101010001100010111 )
1+

#4980000
0!

#4985000
1!
b1110110000111010111010011110011 #
1$
b10000100001110100111010001010010 )
1+

#4990000
0!

#4995000
1!
b10111110100000001000001101010011 #
1$
b1001100101101001111101001100010 )
1+

#5000000
0!

#5005000
1!
b100100011001101111111100100000 #
1$
b10110101011101111000000000000000 )
1+

#5010000
0!

#5015000
1!
b10000010100000000101011010001101 #
1$
b10010001010111100100011001011000 )
1+

#5020000
0!

#5025000
1!
b10000101101010101010000111101100 #
1$
b10101010100001000011011010110100 )
1+

#5030000
0!

#5035000
1!
b1010010110000001100011011011 #
1$
b11000100001010111000000000000000 )
1+

#5040000
0!

#5045000
1!
b10110011100010100000011111110101 #
1$
b1001110111111110010001000011 )
1+

#5050000
0!

#5055000
1!
b1101001111011100100000111101101 #
1$
b101100011100100001111101011011 )
1+

#5060000
0!

#5065000
1!
b1111100000010000011001011010111 #
1$
b10100001111110101000000000000000 )
1+

#5070000
0!

#5075000
1!
b10010101011111010101001100110100 #
1$
b1111111111111110011111011010000 )
1+

#5080000
0!

#5085000
1!
b11110010011000100101100010100 #
1$
b100101000001110111110001000 )
1+

#5090000
0!

#5095000
1!
b10110011010110110001010100110110 #
1$
b11110101000001111000001111101011 )
1+

#5100000
0!

#5105000
1!
b11011011001101111101100110010111 #
1$
b1101101001000011101010010110011 )
1+

#5110000
0!

#5115000
1!
b11010101011011111001101110000000 #
1$
b11011100111011100111111111111111 )
1+

#5120000
0!

#5125000
1!
b11110100100010001010100111101111 #
1$
b1100111011101111110011101101011 )
1+

#5130000
0!

#5135000
1!
b111110001111000101111100000111 #
1$
b1101011011111000111111111111111 )
1+

#5140000
0!

#5145000
1!
b10101001101011100010000111001 #
1$
b10000000000000001111110110110110 )
1+

#5150000
0!

#5155000
1!
b1110011000100010110010011011111 #
1$
b11110000010000111110000010101 )
1+

#5160000
0!

#5165000
1!
b11001110110000001100111001011011 #
1$
b11010101001010000001110001000000 )
1+

#5170000
0!

#5175000
1!
b1000100001110101000111010101000 #
1$
b11001010011110011010111110001100 )
1+

#5180000
0!

#5185000
1!
b11011011010000101100101000111101 #
1$
b1111111111111111011111111101010 )
1+

#5190000
0!

#5195000
1!
b10011001010001011110001001111000 #
1$
b10000000000000001000000000000000 )
1+

#5200000
0!

#5205000
1!
b10101000000111001101010001010 #
1$
b11111110101101100011011111000010 )
1+

#5210000
0!

#5215000
1!
b11010100001101111110111000000100 #
1$
b1111111111111110010111110111010 )
1+

#5220000
0!

#5225000
1!
b10110111010001100100110001000101 #
1$
b10101100011111111011000001011001 )
1+

#5230000
0!

#5235000
1!
b11010000110011111110100111110000 #
1$
b11101100000110000111111111111111 )
1+

#5240000
0!

#5245000
1!
b10100001110010011111111001100101 #
1$
b11110001001101011010011100100010 )
1+

#5250000
0!

#5255000
1!
b11001011000100100111111110101111 #
1$
b11101011110011001110010000001011 )
1+

#5260000
0!

#5265000
1!
b110011000001001011011100011111 #
1$
b10101111001011101000100110101110 )
1+

#5270000
0!

#5275000
1!
b111110101001000000101100111101 #
1$
b10101000011100000100111011110 )
1+

#5280000
0!

#5285000
1!
b110010011001010111110011011101 #
1$
b1001001000000110110010011010110 )
1+

#5290000
0!

#5295000
1!
b11010010100011111111111011100111 #
1$
b1001000010101001000101110111 )
1+

#5300000
0!

#5305000
1!
b1101001001111110001011101100111 #
1$
b1110100010111000111111111111111 )
1+

#5310000
0!

#5315000
1!
b1101011100000000101111110100 #
1$
b11110100100100100100000010100011 )
1+

#5320000
0!

#5325000
1!
b11110000011100001001110110000010 #
1$
b11011100100110111100111111000110 )
1+

#5330000
0!

#5335000
1!
b1010010001110100011011101010100 #
1$
b101111100101000100110000001010 )
1+

#5340000
0!

#5345000
1!
b100110010011110110100101111101 #
1$
b10001010101001100000111110110011 )
1+

#5350000
0!

#5355000
1!
b10001111111111010110110100110100 #
1$
b11110010010100110010111101001101 )
1+

#5360000
0!

#5365000
1!
b11000010000100010001011000101111 #
1$
b1111010110100000011010010101111 )
1+

#5370000
0!

#5375000
1!
b1110010001000111101101000111110 #
1$
b11110011110110100110010001101001 )
1+

#5380000
0!

#5385000
1!
b11110001100011110010110011101110 #
1$
b101101101100010000111001101111 )
1+

#5390000
0!

#5395000
1!
b11100101101011000111000111010010 #
1$
b1111111111111111000100111001011 )
1+

#5400000
0!

#5405000
1!
b11001010111110100111101001100111 #
1$
b11010111010100011110100110010 )
1+

#5410000
0!

#5415000
1!
b100100101010101100100001101111 #
1$
b10000000000000001000000000000000 )
1+

#5420000
0!

#5425000
1!
b10010100001001110110111110001001 #
1$
b1111100110101001101011001010011 )
1+

#5430000
0!

#5435000
1!
b11101001111110100011101011110100 #
1$
b10000001100001011000010101 )
1+

#5440000
0!

#5445000
1!
b1000111100101000101111100110000 #
1$
b10000000000000001001010100010000 )
1+

#5450000
0!

#5455000
1!
b101011110011101010101011100000 #
1$
b1000001100010010000101011010110 )
1+

#5460000
0!

#5465000
1!
b10100101111110000111100111101011 #
1$
b10111101010101001111101100010101 )
1+

#5470000
0!

#5475000
1!
b10011011110110110100000011100110 #
1$
b10000000000000001101001001111111 )
1+

#5480000
0!

#5485000
1!
b11000010101000111010101010100000 #
1$
b11111011011100010000111110001110 )
1+

#5490000
0!

#5495000
1!
b1001000110100100000101001000101 #
1$
b1010001010000101101000001011111 )
1+

#5500000
0!

#5505000
1!
b10001010000111011001110010001101 #
1$
b10000000000000000010000111111111 )
1+

#5510000
0!

#5515000
1!
b11010010110101110011100101111110 #
1$
b1010111101111101111011011001 )
1+

#5520000
0!

#5525000
1!
b11101100100111010001100001011101 #
1$
b11000110101111101100000100101 )
1+

#5530000
0!

#5535000
1!
b11010100101001010001010000001010 #
1$
b11001110011101101011000001100101 )
1+

#5540000
0!

#5545000
1!
b10011101101000010101100011100100 #
1$
b10111110110010111011011001101110 )
1+

#5550000
0!

#5555000
1!
b11101101100011100100010100001100 #
1$
b10011010100100011101000101111 )
1+

#5560000
0!

#5565000
1!
b1100110101110001001011101111010 #
1$
b11001111111111111000101011110 )
1+

#5570000
0!

#5575000
1!
b10100111011011100100001100011011 #
1$
b10010111010001101011010100110101 )
1+

#5580000
0!

#5585000
1!
b10100111111110010000101010011101 #
1$
b11011101000000100001001110011101 )
1+

#5590000
0!

#5595000
1!
b11001011111011011011000001010011 #
1$
b1011100101100100010011000011100 )
1+

#5600000
0!

#5605000
1!
b1111100000010011101100011100000 #
1$
b110101010111111000000000000000 )
1+

#5610000
0!

#5615000
1!
b11101011001111100000001001011010 #
1$
b10111100101000100111111111111111 )
1+

#5620000
0!

#5625000
1!
b10001001100111110101101111011101 #
1$
b11010101000100000111001000010000 )
1+

#5630000
0!

#5635000
1!
b10001001011001000110000111000100 #
1$
b1010100101011101001110111110111 )
1+

#5640000
0!

#5645000
1!
b10001000011010111001101000100011 #
1$
b100101010011000010100111101101 )
1+

#5650000
0!

#5655000
1!
b1111010101001101111000100110001 #
1$
b10000000000000000101100010001010 )
1+

#5660000
0!

#5665000
1!
b10010010010001110101011111110001 #
1$
b1001110110111000101100110011000 )
1+

#5670000
0!

#5675000
1!
b1110000000100000001101000110100 #
1$
b1010001001001110010111010001011 )
1+

#5680000
0!

#5685000
1!
b11001000000110010101101011101011 #
1$
b10110010000001101010110010110 )
1+

#5690000
0!

#5695000
1!
b11011010001011100001100011100110 #
1$
b11001011001001110111111111111111 )
1+

#5700000
0!

#5705000
1!
b1100001111000001011100100011000 #
1$
b1001100010010000000001011001101 )
1+

#5710000
0!

#5715000
1!
b11111001101001100000000010111010 #
1$
b1010001111111111000000000000000 )
1+

#5720000
0!

#5725000
1!
b10110110000111010000001111100001 #
1$
b1011101011100001011000000100 )
1+

#5730000
0!

#5735000
1!
b11000111001100110010011100010 #
1$
b10000011010001110010010100100110 )
1+

#5740000
0!

#5745000
1!
b11001001110101101101100010010 #
1$
b10010001001010100001001001010 )
1+

#5750000
0!

#5755000
1!
b11111100101011111011110000101000 #
1$
b101001010011010001101000101000 )
1+

#5760000
0!

#5765000
1!
b1010100001101010011111110110101 #
1$
b10000000000000000010000100101010 )
1+

#5770000
0!

#5775000
1!
b110111010001001110101101101001 #
1$
b100010011100000111111111111111 )
1+

#5780000
0!

#5785000
1!
b10010011110111101111101111111110 #
1$
b1110111110001000100000011100101 )
1+

#5790000
0!

#5795000
1!
b1011110100001110111101000000001 #
1$
b11010110001010111000000000000000 )
1+

#5800000
0!

#5805000
1!
b10001101001011100010110010110101 #
1$
b11100100001110010100011100111110 )
1+

#5810000
0!

#5815000
1!
b10111100111001110010101111111110 #
1$
b10110010010011101101010111100111 )
1+

#5820000
0!

#5825000
1!
b10010110111010000110111100010011 #
1$
b1111111111111111011011010001111 )
1+

#5830000
0!

#5835000
1!
b11100100001000100011011101011111 #
1$
b1000111111000010010011010000111 )
1+

#5840000
0!

#5845000
1!
b1001000010111110111010001101011 #
1$
b10000000000000001110111110001001 )
1+

#5850000
0!

#5855000
1!
b101010000000010001000100000 #
1$
b11101101101111110100101000100011 )
1+

#5860000
0!

#5865000
1!
b11100101101100001011001100000 #
1$
b11001101011000011110101101001001 )
1+

#5870000
0!

#5875000
1!
b1001000100101100100011000011 #
1$
b11001001001100101000000001110101 )
1+

#5880000
0!

#5885000
1!
b11000110011001011011101100010101 #
1$
b1100000100100011110111001000 )
1+

#5890000
0!

#5895000
1!
b100010010001110000100000010000 #
1$
b11000111100110010010111011111111 )
1+

#5900000
0!

#5905000
1!
b1111011011000001000111100011110 #
1$
b11111001111110001000000000000000 )
1+

#5910000
0!

#5915000
1!
b1101010011011010101100010100 #
1$
b10101100011000010111111111111111 )
1+

#5920000
0!

#5925000
1!
b11000100111011000011010101010111 #
1$
b10101101000100011001100111111 )
1+

#5930000
0!

#5935000
1!
b1110011100010110111010011 #
1$
b10011001010000111000000000000000 )
1+

#5940000
0!

#5945000
1!
b1011110100100101000011101000001 #
1$
b11001110011100110111111111111111 )
1+

#5950000
0!

#5955000
1!
b10011110110111101010100111000101 #
1$
b10000111010101010001100011110111 )
1+

#5960000
0!

#5965000
1!
b10110000101101110001111000101001 #
1$
b110011010001111011000010110000 )
1+

#5970000
0!

#5975000
1!
b10001000111011101110100001011100 #
1$
b101110000111111000100011101011 )
1+

#5980000
0!

#5985000
1!
b1100000001010010001011011000110 #
1$
b11110010110011001100100110000001 )
1+

#5990000
0!

#5995000
1!
b10010110000011010000011110010 #
1$
b1111111111111111100100011011111 )
1+

#6000000
0!

#6005000
1!
b10110110110001000101110011001011 #
1$
b100101101011111000000000000000 )
1+

#6010000
0!

#6015000
1!
b11110101100110001100001001001001 #
1$
b11101010100101100111111111111111 )
1+

#6020000
0!

#6025000
1!
b10010101100110111101111111011000 #
1$
b111101100101110000000000111011 )
1+

#6030000
0!

#6035000
1!
b1101010011010101111001100001001 #
1$
b10000000000000001010100011111100 )
1+

#6040000
0!

#6045000
1!
b11010001011100110001011111000011 #
1$
b11001001100011000111111111111111 )
1+

#6050000
0!

#6055000
1!
b10010110100010100111101100000011 #
1$
b11011100001100000011001010100101 )
1+

#6060000
0!

#6065000
1!
b1111100101011011011010110011101 #
1$
b101001111001110100011111110011 )
1+

#6070000
0!

#6075000
1!
b1010000010100101010100110010010 #
1$
b111001101110110110011111110 )
1+

#6080000
0!

#6085000
1!
b10111001001101101010010100110100 #
1$
b100001111000111111111111111 )
1+

#6090000
0!

#6095000
1!
b100111001011110100011001010100 #
1$
b1011110110000100000001010100000 )
1+

#6100000
0!

#6105000
1!
b11000100101010101110000111101000 #
1$
b11100101001001111111001000110011 )
1+

#6110000
0!

#6115000
1!
b11110110100010100110110101001101 #
1$
b11111000000110110110110101101100 )
1+

#6120000
0!

#6125000
1!
b1001001111100111001000100001010 #
1$
b1001111010101011110011110011100 )
1+

#6130000
0!

#6135000
1!
b10101011000110000000100000010100 #
1$
b1111111111111111010100100100001 )
1+

#6140000
0!

#6145000
1!
b11111011110100000111011010 #
1$
b11001101010011101111001010010001 )
1+

#6150000
0!

#6155000
1!
b1011001000100110000000111010000 #
1$
b11101111010000110111111111111111 )
1+

#6160000
0!

#6165000
1!
b10001010110111001110100000010110 #
1$
b1111111111111111111000110101001 )
1+

#6170000
0!

#6175000
1!
b10110100110101010100111110111111 #
1$
b10101100101000111000000000000000 )
1+

#6180000
0!

#6185000
1!
b11101110010010100000001001010100 #
1$
b11001101101001110100011001000011 )
1+

#6190000
0!

#6195000
1!
b10000101011011110110100000010010 #
1$
b111000010100110010000111100100 )
1+

#6200000
0!

#6205000
1!
b11100001000101001011110100010101 #
1$
b11010111100010101101000101011011 )
1+

#6210000
0!

#6215000
1!
b10110111100110100001100100110100 #
1$
b1111111111111111110010100101100 )
1+

#6220000
0!

#6225000
1!
b10101101001101100010001001101101 #
1$
b10100111101010011101001010011110 )
1+

#6230000
0!

#6235000
1!
b1101111100011110110100000111001 #
1$
b10000000000000000110011100110000 )
1+

#6240000
0!

#6245000
1!
b11100000011001001011111011111 #
1$
b111101100100111111100111100111 )
1+

#6250000
0!

#6255000
1!
b11011010001100100100111001000011 #
1$
b11010000001111110001101110011101 )
1+

#6260000
0!

#6265000
1!
b1001100111001100010111011111001 #
1$
b100100000100011111101110011010 )
1+

#6270000
0!

#6275000
1!
b10101001110000101110001010000 #
1$
b11000001111010110001000101000111 )
1+

#6280000
0!

#6285000
1!
b10100100011100100001101111011110 #
1$
b1111111100110100001001000100 )
1+

#6290000
0!

#6295000
1!
b111001011100111111010000101010 #
1$
b1000110011111001001100101001101 )
1+

#6300000
0!

#6305000
1!
b11011000111011000100101111011100 #
1$
b101001011001001111110011111001 )
1+

#6310000
0!

#6315000
1!
b110110100000111100100011000000 #
1$
b10001101000011000110000110011000 )
1+

#6320000
0!

#6325000
1!
b10110110101000011000111000101111 #
1$
b101111011001000011000011100011 )
1+

#6330000
0!

#6335000
1!
b101100110010010011111111111101 #
1$
b1001001100001110111101010011 )
1+

#6340000
0!

#6345000
1!
b1000110010110000100111111110111 #
1$
b101010011000010010011010011010 )
1+

#6350000
0!

#6355000
1!
b11010010011111000101010000100100 #
1$
b1001011010001001000000000000000 )
1+

#6360000
0!

#6365000
1!
b11011011111101111001010011011 #
1$
b10110110101110000101101110110001 )
1+

#6370000
0!

#6375000
1!
b11100000011110100011101110010000 #
1$
b11100001010101100010110110001 )
1+

#6380000
0!

#6385000
1!
b10101110000000010011011010110001 #
1$
b1000110100001111010011111110110 )
1+

#6390000
0!

#6395000
1!
b101011011111111100100111011110 #
1$
b10011100111001010010001010001011 )
1+

#6400000
0!

#6405000
1!
b10010011011101100100001111111010 #
1$
b10011010110101010100001001111011 )
1+

#6410000
0!

#6415000
1!
b1001010001101110111011011010101 #
1$
b11101100010011111101100100010101 )
1+

#6420000
0!

#6425000
1!
b100110111011011101101000100011 #
1$
b11011010111100100101010101011000 )
1+

#6430000
0!

#6435000
1!
b10011100111111111100011000000000 #
1$
b11000100110110001010011011110000 )
1+

#6440000
0!

#6445000
1!
b1100101010000010001010101110111 #
1$
b11001001110001011100100111000111 )
1+

#6450000
0!

#6455000
1!
b10010100010011100110000010111000 #
1$
b11001101101101000100001101101101 )
1+

#6460000
0!

#6465000
1!
b10010010110101100001101110111000 #
1$
b1011000110111101010010011010011 )
1+

#6470000
0!

#6475000
1!
b11101001011100110111100001010101 #
1$
b10000000000000001000000000000000 )
1+

#6480000
0!

#6485000
1!
b10101011100110110000110000 #
1$
b11010110000111010111111111111111 )
1+

#6490000
0!

#6495000
1!
b10000100001011000011010111110001 #
1$
b1011111111110011111101111101010 )
1+

#6500000
0!

#6505000
1!
b11001000100010011010011110110 #
1$
b10000000000000000000000101101010 )
1+

#6510000
0!

#6515000
1!
b11110010110111101010110110010100 #
1$
b1011100111000000010000111111100 )
1+

#6520000
0!

#6525000
1!
b10000111110111011101011101001111 #
1$
b11110011011000000000000000101001 )
1+

#6530000
0!

#6535000
1!
b101101000100010100111101100101 #
1$
b10000000000000001111110001110001 )
1+

#6540000
0!

#6545000
1!
b11001110010101111110011010000100 #
1$
b1111111111111111000000000000000 )
1+

#6550000
0!

#6555000
1!
b1000010110010011011101001100001 #
1$
b10000000000000001100010011001110 )
1+

#6560000
0!

#6565000
1!
b11101001101001000000101000 #
1$
b1111110100010110111101100000000 )
1+

#6570000
0!

#6575000
1!
b10010011110001101011100100011001 #
1$
b11110111011010101100110001100111 )
1+

#6580000
0!

#6585000
1!
b11000111011001110001001110111101 #
1$
b10000000000000001110111101010110 )
1+

#6590000
0!

#6595000
1!
b110101101110110110110010010100 #
1$
b1000100101100110100011111101000 )
1+

#6600000
0!

#6605000
1!
b1111100001100111110010000111010 #
1$
b10000000000000000111111010011010 )
1+

#6610000
0!

#6615000
1!
b11111111100001010100101000011110 #
1$
b11101101000101001010100111110101 )
1+

#6620000
0!

#6625000
1!
b10010011110010011010000011111000 #
1$
b1110011001010011111101011010100 )
1+

#6630000
0!

#6635000
1!
b11111000010100110101001010011110 #
1$
b11011011001101010111111111111111 )
1+

#6640000
0!

#6645000
1!
b11111011010100110110110101110010 #
1$
b1011101111100001000000000000000 )
1+

#6650000
0!

#6655000
1!
b1010011010101000000000010100111 #
1$
b1101100100010001101010001110111 )
1+

#6660000
0!

#6665000
1!
b101000011111111010001101100 #
1$
b1101100000101101101111110 )
1+

#6670000
0!

#6675000
1!
b10111101001010000110100001111001 #
1$
b11100011101111001011000010001110 )
1+

#6680000
0!

#6685000
1!
b1101101111110001011101001010010 #
1$
b10111101100000110011110011010 )
1+

#6690000
0!

#6695000
1!
b1111011100100100110101110101110 #
1$
b101001010101010001000001 )
1+

#6700000
0!

#6705000
1!
b10000100110110100110101011100001 #
1$
b10111111110000010111011000010 )
1+

#6710000
0!

#6715000
1!
b10101000000000110111010100100001 #
1$
b11010001010100010101010100101001 )
1+

#6720000
0!

#6725000
1!
b110000101010100110010000100000 #
1$
b10010111100101010110010001000110 )
1+

#6730000
0!

#6735000
1!
b11110100001111110000011010010110 #
1$
b101010110011000001111000000000 )
1+

#6740000
0!

#6745000
1!
b100111000011100010111010001000 #
1$
b10111010000011111010001101100110 )
1+

#6750000
0!

#6755000
1!
b10010100110111100000100001110010 #
1$
b10111011111100101001000101110 )
1+

#6760000
0!

#6765000
1!
b10101101011100111100110100111111 #
1$
b1111000111100100101101101101 )
1+

#6770000
0!

#6775000
1!
b1010111011101010111110110011010 #
1$
b10010100101001111000011100011000 )
1+

#6780000
0!

#6785000
1!
b11111110000001000011001100100 #
1$
b1010111011010011101010111010000 )
1+

#6790000
0!

#6795000
1!
b1100110001100000001100100 #
1$
b10000000000000001001011010100001 )
1+

#6800000
0!

#6805000
1!
b10110110000100110110110111011 #
1$
b11000011010101111000010110100101 )
1+

#6810000
0!

#6815000
1!
b11010010111011100111001111001010 #
1$
b1000000100110100010000010101101 )
1+

#6820000
0!

#6825000
1!
b1010111001000111100011101100000 #
1$
b10010010010010010000001010100111 )
1+

#6830000
0!

#6835000
1!
b100111101001000111111111110001 #
1$
b10100010110010011000000000000000 )
1+

#6840000
0!

#6845000
1!
b11100110100100100101000000001001 #
1$
b11100111100001000101111100010111 )
1+

#6850000
0!

#6855000
1!
b10101101011000110100011011100000 #
1$
b10000000000000001111000110100100 )
1+

#6860000
0!

#6865000
1!
b111110100001000001001001100100 #
1$
b11110000100110110010111010110010 )
1+

#6870000
0!

#6875000
1!
b11000110100101011110010011101111 #
1$
b1001010001111001101101000110111 )
1+

#6880000
0!

#6885000
1!
b11110101110110111000001001011101 #
1$
b1110001100101000000000000000 )
1+

#6890000
0!

#6895000
1!
b101000111010111101110110010110 #
1$
b11010101000010100011110100111110 )
1+

#6900000
0!

#6905000
1!
b110110100111101101111111110001 #
1$
b100100000000011110110110001 )
1+

#6910000
0!

#6915000
1!
b1111101100001111001010011011100 #
1$
b111110110100001000000000000000 )
1+

#6920000
0!

#6925000
1!
b11011011000011111001010110100010 #
1$
b11101100000101000111111111111111 )
1+

#6930000
0!

#6935000
1!
b1001100001010111100001101101100 #
1$
b10000000000000000001000110010000 )
1+

#6940000
0!

#6945000
1!
b1000000000000001111111010001101 #
1$
b11111101011101111111011010000000 )
1+

#6950000
0!

#6955000
1!
b100101110100110100011000101100 #
1$
b110000111100010101000010000110 )
1+

#6960000
0!

#6965000
1!
b10101110000001011011000000 #
1$
b10000000000000000010011000101110 )
1+

#6970000
0!

#6975000
1!
b1000110101000000000101001111100 #
1$
b11100100000010011000011011111000 )
1+

#6980000
0!

#6985000
1!
b11110100101110010100101111101101 #
1$
b101010011001000100000101111101 )
1+

#6990000
0!

#6995000
1!
b10000101000011100101100100010110 #
1$
b10101111101100000100001111110111 )
1+

#7000000
0!

#7005000
1!
b101111111001101111000010011001 #
1$
b101111110111111000000000000000 )
1+

#7010000
0!

#7015000
1!
b11101000000110110001101101101111 #
1$
b1111111111111111000000000000000 )
1+

#7020000
0!

#7025000
1!
b10010000111000010110101111011000 #
1$
b10100100100010110100100110000000 )
1+

#7030000
0!

#7035000
1!
b11110111011101111001010001101110 #
1$
b11110000001001101100100101010000 )
1+

#7040000
0!

#7045000
1!
b11101000111110010001101111100001 #
1$
b1101101110000111110111001011000 )
1+

#7050000
0!

#7055000
1!
b100100111011110100011011001001 #
1$
b111011000010000110000011011 )
1+

#7060000
0!

#7065000
1!
b11001001100100001110110101100101 #
1$
b11011000110010110110001001100000 )
1+

#7070000
0!

#7075000
1!
b11111101101000000011111111111100 #
1$
b10101001000010100101010000101000 )
1+

#7080000
0!

#7085000
1!
b10110100010110010101011100001100 #
1$
b10100010110010100110001110101000 )
1+

#7090000
0!

#7095000
1!
b110100011010010100001110101100 #
1$
b11110000110011111101100010000110 )
1+

#7100000
0!

#7105000
1!
b1110011100000100000100101101100 #
1$
b11000001100000010001001011011100 )
1+

#7110000
0!

#7115000
1!
b1101101010001100011100101110000 #
1$
b11000000001111001110111001011101 )
1+

#7120000
0!

#7125000
1!
b11001010011001010011010110010111 #
1$
b11001010111110000011000110 )
1+

#7130000
0!

#7135000
1!
b1100010100111111110001000100100 #
1$
b1101001110110111101110001100111 )
1+

#7140000
0!

#7145000
1!
b1101010000011011000010101110001 #
1$
b10010110110001001001011000111001 )
1+

#7150000
0!

#7155000
1!
b1010111000001000111001100100000 #
1$
b11101010111101010100100001011 )
1+

#7160000
0!

#7165000
1!
b101111111000011111011110111010 #
1$
b1111111111111111101100011001010 )
1+

#7170000
0!

#7175000
1!
b10101110001101011100110001101010 #
1$
b10010100111001110001000111011110 )
1+

#7180000
0!

#7185000
1!
b1100101000100001100000000100010 #
1$
b11010000000101001110001101001 )
1+

#7190000
0!

#7195000
1!
b110111010101011110011001000101 #
1$
b1001111001010000001001010101000 )
1+

#7200000
0!

#7205000
1!
b1111101000010010001001111101111 #
1$
b11001100111001000010111101001001 )
1+

#7210000
0!

#7215000
1!
b11110001011000110000010010001011 #
1$
b10000000000000001101001101101001 )
1+

#7220000
0!

#7225000
1!
b101100011110001110000111010111 #
1$
b1001001101010100011010000010101 )
1+

#7230000
0!

#7235000
1!
b1110110111001111001001111101000 #
1$
b101000010111011100010110001111 )
1+

#7240000
0!

#7245000
1!
b10011001110101010111101100010010 #
1$
b10000000000000001010011101000000 )
1+

#7250000
0!

#7255000
1!
b1100001001101001000010000000101 #
1$
b10111110101001100000000111100 )
1+

#7260000
0!

#7265000
1!
b11110101111101000110101101110101 #
1$
b1000011010111101000000000000000 )
1+

#7270000
0!

#7275000
1!
b10011010010001101000100000100011 #
1$
b10000000000000000011101111001010 )
1+

#7280000
0!

#7285000
1!
b1110010001001010000000101100011 #
1$
b11111110101100101100111110010101 )
1+

#7290000
0!

#7295000
1!
b10000111101000010100100100010100 #
1$
b10001111011001111000000000000000 )
1+

#7300000
0!

#7305000
1!
b1001111010100100010100111100000 #
1$
b10010111111011100110010101010100 )
1+

#7310000
0!

#7315000
1!
b11101111101000000011010010101011 #
1$
b11001010000000000000010111111100 )
1+

#7320000
0!

#7325000
1!
b111011100000011001100011110101 #
1$
b101111011000011110110010001011 )
1+

#7330000
0!

#7335000
1!
b1011111010000101110100110010 #
1$
1(
b10110111111111101010110010110 )
1+

#7340000
0!

#7345000
1!
0$
b10000000000000001101010100010010 )
1+

#7350000
0!

#7355000
1!
b1100000000001100001011001110110 )
1+

#7360000
0!

#7365000
1!
b111111101110001110110110001010 )
1+

#7370000
0!

#7375000
1!
b11010001110001111101011101101101 )
1+

#7380000
0!

#7385000
1!
b1000111100100100111011100111101 )
1+

#7390000
0!

#7395000
1!
b10000000000000001001111100011000 )
1+

#7400000
0!

#7405000
1!
b1101110100010011110100110110101 )
1+

#7410000
0!

#7415000
1!
b111010100111000011101110100111 )
1+

#7420000
0!

#7425000
1!
b10001010111100011010000101010001 )
1+

#7430000
0!

#7435000
1!
b1100000000110011111111001101011 )
1+
1.

#7440000
0!

#7445000
1!
0*
1+

#7450000
0!

#7455000
1!

#7460000
0!

#7465000
1!

#7470000
0!

#7475000
1!

#7480000
0!

#7485000
1!
b100000000000000010000000000 )
1*
0.

#7490000
0!

#7495000
1!
b0 )
1+
1.

#7500000
0!

#7505000
1!
0*
1+
16

#7510000
0!

#7515000
1!
06
07
19
1:

#7520000
0!

#7525000
1!
17
09
0:

#7530000
0!

#7535000
1!
b10000000000010100 #
1$
0(

#7535010
1/

#7540000
0!

#7545000
1!
b1000 #
1$
1(
0/
00
12
13

#7550000
0!

#7555000
1!
b11011010100100000000111000001011 #
1$
0%
0(
02
03
1=
1>

#7560000
0!

#7565000
1!
1%
10
0=
0>

#7570000
0!

#7575000
1!
b11110010101000010010100101101010 #
1$
b10000000000010100 )
1*

#7580000
0!

#7585000
1!
b11011111100100010010111001101101 #
1$
0%
0*
1+

#7590000
0!

#7595000
1!

#7600000
0!

#7605000
1!
1%

#7610000
0!

#7615000
1!
b10111100101100001011111011111 #
1$
1(

#7620000
0!

#7625000
1!
0$

#7630000
0!

#7635000
1!

#7640000
0!

#7645000
1!

#7650000
0!

#7655000
1!

#7660000
0!

#7665000
1!

#7670000
0!

#7675000
1!

#7680000
0!

#7685000
1!

#7690000
0!

#7695000
1!

#7700000
0!

#7705000
1!

#7710000
0!

#7715000
1!

#7720000
0!

#7725000
1!

#7730000
0!

#7735000
1!

#7740000
0!

#7745000
1!

#7750000
0!

#7755000
1!

#7760000
0!

#7765000
1!

#7770000
0!

#7775000
1!

#7780000
0!

#7785000
1!

#7790000
0!

#7795000
1!

#7800000
0!

#7805000
1!

#7810000
0!

#7815000
1!

#7820000
0!

#7825000
1!

#7830000
0!

#7835000
1!

#7840000
0!

#7845000
1!

#7850000
0!

#7855000
1!

#7860000
0!

#7865000
1!

#7870000
0!

#7875000
1!

#7880000
0!

#7885000
1!

#7890000
0!

#7895000
1!

#7900000
0!

#7905000
1!

#7910000
0!

#7915000
1!

#7920000
0!

#7925000
1!

#7930000
0!

#7935000
1!

#7940000
0!

#7945000
1!

#7950000
0!

#7955000
1!

#7960000
0!

#7965000
1!

#7970000
0!

#7975000
1!

#7980000
0!

#7985000
1!

#7990000
0!

#7995000
1!

#8000000
0!

#8005000
1!

#8010000
0!

#8015000
1!
b1000 )
1*
0.

#8020000
0!

#8025000
1!
b0 )
1+
1.

#8030000
0!

#8035000
1!
0*
1+
16

#8040000
0!

#8045000
1!
06
07
19
1:

#8050000
0!

#8055000
1!
17
09
0:

#8060000
0!

#8065000
1!
b100000000000010101 #
1$
0(

#8065010
1/

#8070000
0!

#8075000
1!
b10000000000101000 #
1$
1(
0/
00
12
13

#8080000
0!

#8085000
1!
b11000101000101000100111000011110 #
1$
0%
0(
02
03
1=
1>

#8090000
0!

#8095000
1!
1%
10
0=
0>

#8100000
0!

#8105000
1!
b11101000111101110111011000000110 #
1$
b100000000000010101 )
1*

#8110000
0!

#8115000
1!
b10010101000000100011100000100101 #
1$
0%
0*
1+

#8120000
0!

#8125000
1!

#8130000
0!

#8135000
1!

#8140000
0!

#8145000
1!

#8150000
0!

#8155000
1!
1%

#8160000
0!

#8165000
1!
b11000001010110000001110010011000 #
1$

#8170000
0!

#8175000
1!
b111100101011100000011011100110 #
1$

#8180000
0!

#8185000
1!
b10010010000001100000010111011000 #
1$

#8190000
0!

#8195000
1!
b11011100001000110010001111010011 #
1$

#8200000
0!

#8205000
1!
b101111101101000001111111101010 #
1$

#8210000
0!

#8215000
1!
b11000111010101101000000001011100 #
1$

#8220000
0!

#8225000
1!
b110001000010011010011000110101 #
1$

#8230000
0!

#8235000
1!
b10011001100000011110101010110000 #
1$
b11100010101100000000100010010010 )
1*
0.

#8240000
0!

#8245000
1!
b1110100101000101100100110011111 #
1$
b10111111101110110011011101110101 )
1+

#8250000
0!

#8255000
1!
b11100101000101110010110010101101 #
1$
b10100110111001010101010110010010 )
1+

#8260000
0!

#8265000
1!
b101100011000010111110110011100 #
1$
b10100101011011010111111101001111 )
1+

#8270000
0!

#8275000
1!
b10101000110101101100010000001110 #
1$
b11001001110011010100110011011101 )
1+

#8280000
0!

#8285000
1!
b11001111010010010100111110001001 #
1$
b11011101100011110010001101100001 )
1+

#8290000
0!

#8295000
1!
b11000000100101101101111100010001 #
1$
b11011011001111010010001110100101 )
1+

#8300000
0!

#8305000
1!
b10100101010001100011100101001010 #
1$
b11001111110001100000110110001110 )
1+

#8310000
0!

#8315000
1!
b10101110010011001011010110111 #
1$
b1101100110010011100111111 )
1+

#8320000
0!

#8325000
1!
b100011001100000001111110111010 #
1$
1(
b100011110001011101111110000101 )
1+

#8330000
0!

#8335000
1!
0$
b101110110011011001110100100110 )
1+

#8340000
0!

#8345000
1!
b100001101111110101011000101 )
1+

#8350000
0!

#8355000
1!
b11110100001110011010110010001111 )
1+

#8360000
0!

#8365000
1!
b11110011110011000010001100111011 )
1+

#8370000
0!

#8375000
1!
b11111111110111001110110110000101 )
1+

#8380000
0!

#8385000
1!
b11000000111011110101110001100100 )
1+

#8390000
0!

#8395000
1!
b11111001100110100001111011110100 )
1+

#8400000
0!

#8405000
1!
b10010011000101110100001100110011 )
1+

#8410000
0!

#8415000
1!
b11110100110000110010011101010001 )
1+

#8420000
0!

#8425000
1!
b11001011010011111111101001000000 )
1+
1.

#8430000
0!

#8435000
1!
0*
1+

#8440000
0!

#8445000
1!

#8450000
0!

#8455000
1!

#8460000
0!

#8465000
1!

#8470000
0!

#8475000
1!
b1010000000000000101000 )
1*
0.

#8480000
0!

#8485000
1!
b0 )
1+
1.

#8490000
0!

#8495000
1!
0*
1+
16

#8500000
0!

#8505000
1!
06
07
19
1:

#8510000
0!

#8515000
1!
17
09
0:

#8520000
0!

#8525000
1!
b10000000000010110 #
1$
0(

#8525010
1/

#8530000
0!

#8535000
1!
b1000 #
1$
1(
0/
00
12
13

#8540000
0!

#8545000
1!
b11101000010111110000000111101101 #
1$
0%
0(
02
03
1=
1>

#8550000
0!

#8555000
1!
1%
10
0=
0>

#8560000
0!

#8565000
1!
b101101000000000001111011011001 #
1$
b10000000000010110 )
1*

#8570000
0!

#8575000
1!
b11101101111110111101110000111101 #
1$
0%
0*
1+

#8580000
0!

#8585000
1!

#8590000
0!

#8595000
1!
1%

#8600000
0!

#8605000
1!
b11111000001111100000001000001001 #
1$
1(

#8610000
0!

#8615000
1!
0$

#8620000
0!

#8625000
1!

#8630000
0!

#8635000
1!

#8640000
0!

#8645000
1!

#8650000
0!

#8655000
1!

#8660000
0!

#8665000
1!

#8670000
0!

#8675000
1!

#8680000
0!

#8685000
1!

#8690000
0!

#8695000
1!

#8700000
0!

#8705000
1!

#8710000
0!

#8715000
1!

#8720000
0!

#8725000
1!

#8730000
0!

#8735000
1!

#8740000
0!

#8745000
1!

#8750000
0!

#8755000
1!

#8760000
0!

#8765000
1!

#8770000
0!

#8775000
1!

#8780000
0!

#8785000
1!

#8790000
0!

#8795000
1!

#8800000
0!

#8805000
1!

#8810000
0!

#8815000
1!

#8820000
0!

#8825000
1!

#8830000
0!

#8835000
1!

#8840000
0!

#8845000
1!

#8850000
0!

#8855000
1!

#8860000
0!

#8865000
1!

#8870000
0!

#8875000
1!

#8880000
0!

#8885000
1!

#8890000
0!

#8895000
1!

#8900000
0!

#8905000
1!

#8910000
0!

#8915000
1!

#8920000
0!

#8925000
1!

#8930000
0!

#8935000
1!

#8940000
0!

#8945000
1!

#8950000
0!

#8955000
1!

#8960000
0!

#8965000
1!

#8970000
0!

#8975000
1!

#8980000
0!

#8985000
1!

#8990000
0!

#8995000
1!

#9000000
0!

#9005000
1!
b1000 )
1*
0.

#9010000
0!

#9015000
1!
b0 )
1+
1.

#9020000
0!

#9025000
1!
0*
1+
16

#9030000
0!

#9035000
1!
06
07
19
1:

#9040000
0!

#9045000
1!
17
09
0:

#9050000
0!

#9055000
1!
b100000000000010111 #
1$
0(

#9055010
1/

#9060000
0!

#9065000
1!
b100000000000101000 #
1$
1(
0/
00
12
13

#9070000
0!

#9075000
1!
b1110111000011110101110100000101 #
1$
0%
0(
02
03
1=
1>

#9080000
0!

#9085000
1!
1%
10
0=
0>

#9090000
0!

#9095000
1!
b11100101111001010011000111011011 #
1$
b100000000000010111 )
1*

#9100000
0!

#9105000
1!
b111111001101111010100100100111 #
1$
0%
0*
1+

#9110000
0!

#9115000
1!

#9120000
0!

#9125000
1!

#9130000
0!

#9135000
1!

#9140000
0!

#9145000
1!
1%

#9150000
0!

#9155000
1!
b1110110100000000101101001110101 #
1$

#9160000
0!

#9165000
1!
b11111010110011011101100100010 #
1$

#9170000
0!

#9175000
1!
b1110011110100011001001011011110 #
1$

#9180000
0!

#9185000
1!
b1001010001111101001010110111010 #
1$

#9190000
0!

#9195000
1!
b11110101101010000100100011000100 #
1$

#9200000
0!

#9205000
1!
b10001111101100100101011100100001 #
1$

#9210000
0!

#9215000
1!
b11011011111111110110000101110001 #
1$

#9220000
0!

#9225000
1!
b10011111110100110100000100011111 #
1$

#9230000
0!

#9235000
1!
b10100111010111010110010011011111 #
1$
b1001100000000000101100110 )
1*
0.

#9240000
0!

#9245000
1!
b11001011110010100110110101110111 #
1$
0*
1+

#9250000
0!

#9255000
1!
b110000001010000000100110000011 #
1$
b10111010010111110001111101100101 )
1*

#9260000
0!

#9265000
1!
b1110101010100010000111011011 #
1$
0*
1+

#9270000
0!

#9275000
1!
b11010010001110111010000010100 #
1$
b11101111101010100010101010100001 )
1*

#9280000
0!

#9285000
1!
b10010010111001010000001110100010 #
1$
0*
1+

#9290000
0!

#9295000
1!
b11110101010110111011110110100001 #
1$
b10100010011001101100111101000 )
1*

#9300000
0!

#9305000
1!
b101101101110111000001001001 #
1$
0*
1+

#9310000
0!

#9315000
1!
b10110101001110101000110011111001 #
1$
1(
b100010011100010011100 )
1*

#9320000
0!

#9325000
1!
0$
0*
1+

#9330000
0!

#9335000
1!
b1100111010001101110101100110 )
1*

#9340000
0!

#9345000
1!
0*
1+

#9350000
0!

#9355000
1!
b11111001100100110000001110111101 )
1*

#9360000
0!

#9365000
1!
0*
1+

#9370000
0!

#9375000
1!
b100011111011111101110011100010 )
1*

#9380000
0!

#9385000
1!
0*
1+

#9390000
0!

#9395000
1!
b11111000011000010000111101101001 )
1*

#9400000
0!

#9405000
1!
0*
1+

#9410000
0!

#9415000
1!
b110100111001111100100110001011 )
1*
1.

#9420000
0!

#9425000
1!
0*
1+

#9430000
0!

#9435000
1!

#9440000
0!

#9445000
1!

#9450000
0!

#9455000
1!

#9460000
0!

#9465000
1!
b101000000000000101000 )
1*
0.

#9470000
0!

#9475000
1!
b0 )
1+
1.

#9480000
0!

#9485000
1!
0*
1+
16

#9490000
0!

#9495000
1!
06
07
19
1:

#9500000
0!

#9505000
1!
17
09
0:

#9510000
0!

#9515000
1!
b10000000000011000 #
1$
0(

#9515010
1/

#9520000
0!

#9525000
1!
b1000 #
1$
1(
0/
00
12
13

#9530000
0!

#9535000
1!
b11011110011011110000011111010000 #
1$
0%
0(
02
03
1=
1>

#9540000
0!

#9545000
1!
1%
10
0=
0>

#9550000
0!

#9555000
1!
b11100100010010010010100001000010 #
1$
b10000000000011000 )
1*

#9560000
0!

#9565000
1!
b10111110001010001011011101000 #
1$
0%
0*
1+

#9570000
0!

#9575000
1!

#9580000
0!

#9585000
1!
1%

#9590000
0!

#9595000
1!
b111011101000000100111100011 #
1$
1(

#9600000
0!

#9605000
1!
0$

#9610000
0!

#9615000
1!

#9620000
0!

#9625000
1!

#9630000
0!

#9635000
1!

#9640000
0!

#9645000
1!

#9650000
0!

#9655000
1!

#9660000
0!

#9665000
1!

#9670000
0!

#9675000
1!

#9680000
0!

#9685000
1!

#9690000
0!

#9695000
1!

#9700000
0!

#9705000
1!

#9710000
0!

#9715000
1!

#9720000
0!

#9725000
1!

#9730000
0!

#9735000
1!

#9740000
0!

#9745000
1!

#9750000
0!

#9755000
1!

#9760000
0!

#9765000
1!

#9770000
0!

#9775000
1!

#9780000
0!

#9785000
1!

#9790000
0!

#9795000
1!

#9800000
0!

#9805000
1!

#9810000
0!

#9815000
1!

#9820000
0!

#9825000
1!

#9830000
0!

#9835000
1!

#9840000
0!

#9845000
1!

#9850000
0!

#9855000
1!

#9860000
0!

#9865000
1!

#9870000
0!

#9875000
1!

#9880000
0!

#9885000
1!

#9890000
0!

#9895000
1!

#9900000
0!

#9905000
1!

#9910000
0!

#9915000
1!

#9920000
0!

#9925000
1!

#9930000
0!

#9935000
1!

#9940000
0!

#9945000
1!

#9950000
0!

#9955000
1!

#9960000
0!

#9965000
1!

#9970000
0!

#9975000
1!

#9980000
0!

#9985000
1!

#9990000
0!

#9995000
1!
b1000 )
1*
0.

#10000000
0!

#10005000
1!
b0 )
1+
1.

#10010000
0!

#10015000
1!
0*
1+
16

#10020000
0!

#10025000
1!
06
07
19
1:

#10030000
0!

#10035000
1!
17
09
0:

#10040000
0!

#10045000
1!
b100000000000011001 #
1$
0(

#10045010
1/

#10050000
0!

#10055000
1!
b1000000000000101000 #
1$
1(
0/
00
12
13

#10060000
0!

#10065000
1!
b10110010111011111111110010000111 #
1$
0%
0(
02
03
1=
1>

#10070000
0!

#10075000
1!
1%
10
0=
0>

#10080000
0!

#10085000
1!
b11110011100110001100010111000111 #
1$
b100000000000011001 )
1*

#10090000
0!

#10095000
1!
b1011100111000000001000000110110 #
1$
0%
0*
1+

#10100000
0!

#10105000
1!

#10110000
0!

#10115000
1!

#10120000
0!

#10125000
1!

#10130000
0!

#10135000
1!
1%

#10140000
0!

#10145000
1!
b1111011110100110011110100010011 #
1$

#10150000
0!

#10155000
1!
b11110010110001110000111110101011 #
1$

#10160000
0!

#10165000
1!
b11111100000100010100010000110010 #
1$

#10170000
0!

#10175000
1!
b1010111101110111011110010100 #
1$

#10180000
0!

#10185000
1!
b1101111100010010010001110110000 #
1$

#10190000
0!

#10195000
1!
b11011110111010110011010100110111 #
1$

#10200000
0!

#10205000
1!
b1101101100000100101100101101010 #
1$

#10210000
0!

#10215000
1!
b1010111110010110000110110011100 #
1$

#10220000
0!

#10225000
1!
b11111100010010111100100111010001 #
1$

#10230000
0!

#10235000
1!
b10110000101010000100101100100010 #
1$

#10240000
0!

#10245000
1!
b1101011000101110101001100101000 #
1$
b1111111111111111111001010 )
1*
0.

#10250000
0!

#10255000
1!
b10100110011100110111101011011000 #
1$
0*
1+

#10260000
0!

#10265000
1!
b11011100110110101000010101101100 #
1$

#10270000
0!

#10275000
1!
b100111000100000000111001100 #
1$

#10280000
0!

#10285000
1!
b101001110001001000111110101101 #
1$
b1000100100100011101011100110010 )
1*

#10290000
0!

#10295000
1!
b11011000010101111111111100001100 #
1$
0*
1+

#10300000
0!

#10305000
1!
b10000000110111111101000111010 #
1$
1(

#10310000
0!

#10315000
1!
0$

#10320000
0!

#10325000
1!
b101001000001110000100000000100 )
1*

#10330000
0!

#10335000
1!
0*
1+

#10340000
0!

#10345000
1!

#10350000
0!

#10355000
1!

#10360000
0!

#10365000
1!
b100100011011111111110101000010 )
1*

#10370000
0!

#10375000
1!
0*
1+

#10380000
0!

#10385000
1!

#10390000
0!

#10395000
1!

#10400000
0!

#10405000
1!
b10111011101101110010000111010110 )
1*
1.

#10410000
0!

#10415000
1!
0*
1+

#10420000
0!

#10425000
1!

#10430000
0!

#10435000
1!

#10440000
0!

#10445000
1!

#10450000
0!

#10455000
1!
b10100000000000101000 )
1*
0.

#10460000
0!

#10465000
1!
b0 )
1+
1.

#10470000
0!

#10475000
1!
0*
1+
16

#10480000
0!

#10485000
1!
06
07
19
1:

#10490000
0!

#10495000
1!
17
09
0:

#10500000
0!

#10505000
1!
b10000000000011110 #
1$
0(

#10505010
1/

#10510000
0!

#10515000
1!
b1101 #
1$
1(
0/
00
12
13

#10520000
0!

#10525000
1!
b11100001111001100010000011111100 #
1$
0%
0(
02
03
1=
1>

#10530000
0!

#10535000
1!
1%
10
0=
0>

#10540000
0!

#10545000
1!
b1101000111011101001110011010 #
1$
b10000000000011110 )
1*

#10550000
0!

#10555000
1!
b11111100111011101111001101100011 #
1$
0%
0*
1+

#10560000
0!

#10565000
1!

#10570000
0!

#10575000
1!
1%

#10580000
0!

#10585000
1!
b11110011110111001101100010011011 #
1$

#10590000
0!

#10595000
1!
b11110010011001100000110101110010 #
1$

#10600000
0!

#10605000
1!
b11011001111000001111100001001 #
1$

#10610000
0!

#10615000
1!
b1001100101010 #
1$
1(

#10620000
0!

#10625000
1!
0$

#10630000
0!

#10635000
1!

#10640000
0!

#10645000
1!

#10650000
0!

#10655000
1!

#10660000
0!

#10665000
1!

#10670000
0!

#10675000
1!

#10680000
0!

#10685000
1!

#10690000
0!

#10695000
1!

#10700000
0!

#10705000
1!

#10710000
0!

#10715000
1!

#10720000
0!

#10725000
1!

#10730000
0!

#10735000
1!

#10740000
0!

#10745000
1!

#10750000
0!

#10755000
1!

#10760000
0!

#10765000
1!

#10770000
0!

#10775000
1!

#10780000
0!

#10785000
1!

#10790000
0!

#10795000
1!

#10800000
0!

#10805000
1!

#10810000
0!

#10815000
1!

#10820000
0!

#10825000
1!

#10830000
0!

#10835000
1!

#10840000
0!

#10845000
1!

#10850000
0!

#10855000
1!

#10860000
0!

#10865000
1!

#10870000
0!

#10875000
1!

#10880000
0!

#10885000
1!

#10890000
0!

#10895000
1!

#10900000
0!

#10905000
1!

#10910000
0!

#10915000
1!

#10920000
0!

#10925000
1!

#10930000
0!

#10935000
1!

#10940000
0!

#10945000
1!

#10950000
0!

#10955000
1!

#10960000
0!

#10965000
1!

#10970000
0!

#10975000
1!

#10980000
0!

#10985000
1!

#10990000
0!

#10995000
1!

#11000000
0!

#11005000
1!

#11010000
0!

#11015000
1!
b1101 )
1*
0.

#11020000
0!

#11025000
1!
b0 )
1+
1.

#11030000
0!

#11035000
1!
0*
1+
16

#11040000
0!

#11045000
1!
06
07
19
1:

#11050000
0!

#11055000
1!
17
09
0:

#11060000
0!

#11065000
1!
b100000000000011111 #
1$
0(

#11065010
1/

#11070000
0!

#11075000
1!
b10000000100101100 #
1$
1(
0/
00
12
13

#11080000
0!

#11085000
1!
b111000101000010110011110110111 #
1$
0%
0(
02
03
1=
1>

#11090000
0!

#11095000
1!
1%
10
0=
0>

#11100000
0!

#11105000
1!
b1011011110000111010110101100111 #
1$
b100000000000011111 )
1*

#11110000
0!

#11115000
1!
b10011001001101010010011100011100 #
1$
0%
0*
1+

#11120000
0!

#11125000
1!

#11130000
0!

#11135000
1!

#11140000
0!

#11145000
1!

#11150000
0!

#11155000
1!
1%

#11160000
0!

#11165000
1!
b10101010011010011100110001011101 #
1$

#11170000
0!

#11175000
1!
b111010010110110111011110001010 #
1$

#11180000
0!

#11185000
1!
b11001000010100010110101101111011 #
1$

#11190000
0!

#11195000
1!
b11010101010110010001011001000 #
1$

#11200000
0!

#11205000
1!
b10011110001101100100000010110011 #
1$

#11210000
0!

#11215000
1!
b100101000000000000001111100001 #
1$

#11220000
0!

#11225000
1!
b100111111101010101001101101101 #
1$

#11230000
0!

#11235000
1!
b11110101110010111111001011001001 #
1$
b11110110001101000001101010111010 )
1*
0.

#11240000
0!

#11245000
1!
b10101000010000001101011010111100 #
1$
b100010000011101011100101101100 )
1+

#11250000
0!

#11255000
1!
b10100101011010001100011100100100 #
1$
b10101011111101010000110010111011 )
1+

#11260000
0!

#11265000
1!
b1011010100100101011100111110000 #
1$
b11111011011011001110110110010000 )
1+

#11270000
0!

#11275000
1!
b10010111011100110000011010011011 #
1$
b11111011000010010101001100110100 )
1+

#11280000
0!

#11285000
1!
b11000101010100101110111001010000 #
1$
b101100001100011101100100000010 )
1+

#11290000
0!

#11295000
1!
b1010100100011100010100111000110 #
1$
b110001110101110000100010010100 )
1+

#11300000
0!

#11305000
1!
b11110111001111111000001101001001 #
1$
b10110001001001001110011000011100 )
1+

#11310000
0!

#11315000
1!
b1111101100111101111001010011100 #
1$
b11111110111100111101010010110010 )
1+

#11320000
0!

#11325000
1!
b10101010010010111101110101111100 #
1$
b11110000010100011111110100100000 )
1+

#11330000
0!

#11335000
1!
b11111010010000001011001000000101 #
1$
b100000100110000000011110000100 )
1+

#11340000
0!

#11345000
1!
b11010011100110010001100001001001 #
1$
b11010111111110000001000000001110 )
1+

#11350000
0!

#11355000
1!
b101001110011001110111101110000 #
1$
b11111010110111110001101111000111 )
1+

#11360000
0!

#11365000
1!
b1110110111110001100110011001100 #
1$
b1000101111011110000110100111001 )
1+

#11370000
0!

#11375000
1!
b1101111011011001011010110011100 #
1$
b111011011110010011111011001 )
1+

#11380000
0!

#11385000
1!
b1110100111111010101111111100111 #
1$
b101111111000000100110001110100 )
1+

#11390000
0!

#11395000
1!
b111010110100100110000100110 #
1$
b11110000010111010010010010000100 )
1+

#11400000
0!

#11405000
1!
b10110100111010010001101101010001 #
1$
b1001100010101000110010111100 )
1+

#11410000
0!

#11415000
1!
b11110110100100001101100001011000 #
1$
b10001111111010000100101111001 )
1+

#11420000
0!

#11425000
1!
b1001011011101100111001001100010 #
1$
b10011100010010101111001111101011 )
1+

#11430000
0!

#11435000
1!
b11000010101010001000000111001 #
1$
b10000010100000010100111100000 )
1+

#11440000
0!

#11445000
1!
b11101011011000001110111011001001 #
1$
b11101101101011000000010000100001 )
1+

#11450000
0!

#11455000
1!
b10000001000011110110011010000011 #
1$
b111111010000111111111100100100 )
1+

#11460000
0!

#11465000
1!
b11101000100010101101000111000000 #
1$
b111100011011011101111101001010 )
1+

#11470000
0!

#11475000
1!
b11101001011100100011001000101100 #
1$
b101101101001111001111101111 )
1+

#11480000
0!

#11485000
1!
b10010100000011111101000001010110 #
1$
b10011101011110010000101010110100 )
1+

#11490000
0!

#11495000
1!
b10011011000100001100001011110101 #
1$
b10100111111110001110111010000000 )
1+

#11500000
0!

#11505000
1!
b11101101100001010011001101101010 #
1$
b11010100010100001110001010111001 )
1+

#11510000
0!

#11515000
1!
b1010010000011011101001010111 #
1$
b11111111001111011000111011110 )
1+

#11520000
0!

#11525000
1!
b11111001000001101111111000111100 #
1$
b10100000111011111111000110011 )
1+

#11530000
0!

#11535000
1!
b100000011010110001010001111100 #
1$
b1000100100010001110010111001001 )
1+

#11540000
0!

#11545000
1!
b10100111101011111011000001011100 #
1$
b1101001001110011110000000111 )
1+

#11550000
0!

#11555000
1!
b1111000111111110011101100110010 #
1$
b10011111101001000001100101101010 )
1+

#11560000
0!

#11565000
1!
b11110011011001110000110001101001 #
1$
b11010100101101101100010111110 )
1+

#11570000
0!

#11575000
1!
b10001000110111100001111100011010 #
1$
b101101110111110001110001010111 )
1+

#11580000
0!

#11585000
1!
b11011011110101111101111101000100 #
1$
b110001011100001110111111110010 )
1+

#11590000
0!

#11595000
1!
b111110011101001110101110010001 #
1$
b100010010000011111000101001 )
1+

#11600000
0!

#11605000
1!
b1011011000101001111111010101101 #
1$
b10000010000110100000110100101 )
1+

#11610000
0!

#11615000
1!
b10001000101100111111100001010000 #
1$
b100101100111111110000010000110 )
1+

#11620000
0!

#11625000
1!
b1001100010011100010110011110110 #
1$
b10100110010100010101101101100 )
1+

#11630000
0!

#11635000
1!
b1110000000000100001001111000001 #
1$
b11011011011100010000010111011011 )
1+

#11640000
0!

#11645000
1!
b1001100000011111110101010010000 #
1$
b10111001111110111101011001100000 )
1+

#11650000
0!

#11655000
1!
b10001001111110101000000001110110 #
1$
b100110001100000010100100101111 )
1+

#11660000
0!

#11665000
1!
b1011111100101000100101101000101 #
1$
b11000100111110101011110000110001 )
1+

#11670000
0!

#11675000
1!
b1000000101100100000010011110110 #
1$
b11110101101101110001111100000010 )
1+

#11680000
0!

#11685000
1!
b111010000111101101001110011000 #
1$
b1011010101111111000011110001 )
1+

#11690000
0!

#11695000
1!
b11001101101101111111111111111101 #
1$
b10000101100101111011010010110 )
1+

#11700000
0!

#11705000
1!
b10101100101101101001011111101100 #
1$
b1000000001010001101011000100101 )
1+

#11710000
0!

#11715000
1!
b11110001100111100110011110011010 #
1$
b11001101110010100011000111101111 )
1+

#11720000
0!

#11725000
1!
b11011010010101100111110101011111 #
1$
b11111110111111000100101111101110 )
1+

#11730000
0!

#11735000
1!
b11000001100101111000111100001001 #
1$
b11011001100011101011010101110100 )
1+

#11740000
0!

#11745000
1!
b110011011101011101101110110101 #
1$
b11111110000001100000011101111 )
1+

#11750000
0!

#11755000
1!
b111100101010010011101011100101 #
1$
b11001111001011101101100101001000 )
1+

#11760000
0!

#11765000
1!
b11100001010010001101000001110001 #
1$
b11101001110010010111100000000010 )
1+

#11770000
0!

#11775000
1!
b11011001101100001000100101010 #
1$
b11010000001011010110100111 )
1+

#11780000
0!

#11785000
1!
b10110000101100011110101010100100 #
1$
b1011101101111010001011001111000 )
1+

#11790000
0!

#11795000
1!
b101010100000100011000110010 #
1$
b11001111000110001111100110111000 )
1+

#11800000
0!

#11805000
1!
b1110010001100110111010101011101 #
1$
b11010001000101101111000110110001 )
1+

#11810000
0!

#11815000
1!
b1110101111101000110001101101101 #
1$
b1001001110100010111111000111 )
1+

#11820000
0!

#11825000
1!
b11001100010110010001111011110101 #
1$
b101100011110000001001001110010 )
1+

#11830000
0!

#11835000
1!
b10011010111011111010100100000111 #
1$
b1001111111000011101100011110001 )
1+

#11840000
0!

#11845000
1!
b11000101001101000111001001110010 #
1$
b11001111111100000010011001000 )
1+

#11850000
0!

#11855000
1!
b10001001100111001000011000001100 #
1$
b10110110011000111101111111100010 )
1+

#11860000
0!

#11865000
1!
b1111010101110001100110000110110 #
1$
b10110010110000100001000000 )
1+

#11870000
0!

#11875000
1!
b10011010001000111100100000010111 #
1$
b1001110100000100111101100101 )
1+

#11880000
0!

#11885000
1!
b10001111010010100010101111111100 #
1$
b10110001010001101100100101101000 )
1+

#11890000
0!

#11895000
1!
b10010110000011011111110011000011 #
1$
b10000100101000001000010011000 )
1+

#11900000
0!

#11905000
1!
b11011100001100001001011111000111 #
1$
b101010010001010000001111110101 )
1+

#11910000
0!

#11915000
1!
b1011001110000001000001101001010 #
1$
b11111100001101001110010011010111 )
1+

#11920000
0!

#11925000
1!
b1101110111100010001101010110100 #
1$
b10110101111010011010110100001100 )
1+

#11930000
0!

#11935000
1!
b1110010111101111110111010001 #
1$
b10111000100111001101100011100111 )
1+

#11940000
0!

#11945000
1!
b11110111010011010001100111110100 #
1$
b11001010100100100010011110001001 )
1+

#11950000
0!

#11955000
1!
b10010100010110001000001100011 #
1$
b1101110100101001101011111011001 )
1+

#11960000
0!

#11965000
1!
b11001101101010010110001111110101 #
1$
b1111111111111110111111111111111 )
1+

#11970000
0!

#11975000
1!
b10101100001001100110101100011100 #
1$
b11100011001101011111101000110011 )
1+

#11980000
0!

#11985000
1!
b11000001010010011011000000110001 #
1$
b11010110010010100111000110100000 )
1+

#11990000
0!

#11995000
1!
b10111110101010010111000100101110 #
1$
b11110111000100100001000001100000 )
1+

#12000000
0!

#12005000
1!
b10101010001010100100110101000 #
1$
b110101010110001110010110000010 )
1+

#12010000
0!

#12015000
1!
b10010011110110100010001110010111 #
1$
b1011011011111011011010111001111 )
1+

#12020000
0!

#12025000
1!
b10010001110010100010100011011100 #
1$
b11101110100111010100011000011011 )
1+

#12030000
0!

#12035000
1!
b1001001011111000000101111001010 #
1$
b11000011100001010001010011010000 )
1+

#12040000
0!

#12045000
1!
b1111101010111010110101011010001 #
1$
b10110011001001000010001010001110 )
1+

#12050000
0!

#12055000
1!
b1000100100000111011101110110111 #
1$
b11001000100001011011000111111000 )
1+

#12060000
0!

#12065000
1!
b111011110100000001100101101100 #
1$
b11010001011110001100010111100000 )
1+

#12070000
0!

#12075000
1!
b11111001011001110101000001110010 #
1$
b11010101010011111011011001011 )
1+

#12080000
0!

#12085000
1!
b1001001111010101010001001111111 #
1$
b110101111011011110001010011011 )
1+

#12090000
0!

#12095000
1!
b10100010001011110001110110010001 #
1$
b11110011100110100010000011001110 )
1+

#12100000
0!

#12105000
1!
b10100101001010101110011100100000 #
1$
b100100111011101111000011100011 )
1+

#12110000
0!

#12115000
1!
b11010101101100110100010000011010 #
1$
b11110010001011010010101000000111 )
1+

#12120000
0!

#12125000
1!
b11001000110011011001000101010101 #
1$
b101011110100001010111111001 )
1+

#12130000
0!

#12135000
1!
b10111010101100001101101011000 #
1$
b11110111001110001110110010011101 )
1+

#12140000
0!

#12145000
1!
b11011100011010010101101101101001 #
1$
b1111111100111111110101001010 )
1+

#12150000
0!

#12155000
1!
b1110001111000110010000011011011 #
1$
b10011100110011100100011110010 )
1+

#12160000
0!

#12165000
1!
b10000111110000011101001001000011 #
1$
b10100100101001000011110101111001 )
1+

#12170000
0!

#12175000
1!
b11001110000000010011111100010 #
1$
b10000111101010001110010111101011 )
1+

#12180000
0!

#12185000
1!
b10000000100101101011010010001 #
1$
b100100000110011100110110011000 )
1+

#12190000
0!

#12195000
1!
b1010001011111010010101100101000 #
1$
b11110110001000100001010100011101 )
1+

#12200000
0!

#12205000
1!
b11111000101010101010000011011011 #
1$
b11111110011100000110101101001 )
1+

#12210000
0!

#12215000
1!
b11010101011110111100011110101101 #
1$
b10001101000000100101101000010 )
1+

#12220000
0!

#12225000
1!
b11101100000011101000100001100000 #
1$
b1101111001111011101110000000011 )
1+

#12230000
0!

#12235000
1!
b1101101000111101001010101111011 #
1$
b11000010010010011000101010011 )
1+

#12240000
0!

#12245000
1!
b11101011110111000000111000000101 #
1$
b11011110011010000001001011000010 )
1+

#12250000
0!

#12255000
1!
b1110000011010011011101101010000 #
1$
b1110110100010001001101110110 )
1+

#12260000
0!

#12265000
1!
b1111100011000000000010000011101 #
1$
b10111011110001001010111111111001 )
1+

#12270000
0!

#12275000
1!
b1111110010011110010100011011001 #
1$
b11101100110101100001000001110101 )
1+

#12280000
0!

#12285000
1!
b111110000010100110000110010101 #
1$
b11100101100101001100000110011000 )
1+

#12290000
0!

#12295000
1!
b1000111000010011101101011100101 #
1$
b111101101010110100000100001001 )
1+

#12300000
0!

#12305000
1!
b1011100000001001101000110010100 #
1$
b101110110011100011011000100 )
1+

#12310000
0!

#12315000
1!
b10010011110101111101000001001100 #
1$
b11011001101000110100010101000011 )
1+

#12320000
0!

#12325000
1!
b11110100010001101001111000101011 #
1$
b1000100111111101100010111001 )
1+

#12330000
0!

#12335000
1!
b11001010000101010010100111000110 #
1$
b1000011100100000010110111100011 )
1+

#12340000
0!

#12345000
1!
b11000001011011000101000111010100 #
1$
b110101100110010000010111001 )
1+

#12350000
0!

#12355000
1!
b11010110000000001111100100010110 #
1$
b110110100001110010100011000101 )
1+

#12360000
0!

#12365000
1!
b10110000011001010000111011101100 #
1$
b11001110011100111111010110001110 )
1+

#12370000
0!

#12375000
1!
b1101100111110000111010101011110 #
1$
b11011001110010101011100001100110 )
1+

#12380000
0!

#12385000
1!
b111110111100011001011101100 #
1$
b10100110001011011101001111011100 )
1+

#12390000
0!

#12395000
1!
b11110111111110100011111010111010 #
1$
b11111100111101011100010110011001 )
1+

#12400000
0!

#12405000
1!
b10010000111110000110001110110110 #
1$
b11101001001111011011001100110001 )
1+

#12410000
0!

#12415000
1!
b11110100111000111011011100111110 #
1$
b11100001000000011101001101001111 )
1+

#12420000
0!

#12425000
1!
b110100111110110010011001110001 #
1$
b1010000011001110100010001101011 )
1+

#12430000
0!

#12435000
1!
b1110000101110010011011110100111 #
1$
b11000010101010101110010010100 )
1+

#12440000
0!

#12445000
1!
b1101010011001110101011110011100 #
1$
b111110001001010010101010100111 )
1+

#12450000
0!

#12455000
1!
b110010000010111101100000000010 #
1$
b110110110111101111111100010011 )
1+

#12460000
0!

#12465000
1!
b11010110100100011000001010100 #
1$
b11111001001111011111100101111001 )
1+

#12470000
0!

#12475000
1!
b110011011000001101010111001 #
1$
b11111011011110001110010101011011 )
1+

#12480000
0!

#12485000
1!
b10100011000010111110100011001011 #
1$
b11011100001000111101000110001011 )
1+

#12490000
0!

#12495000
1!
b10000000101010111001101000001000 #
1$
b11110001101100000001001000011000 )
1+

#12500000
0!

#12505000
1!
b11011111010011001101101001100001 #
1$
b10000111100000111110010110111000 )
1+

#12510000
0!

#12515000
1!
b10111110000011000111011010100110 #
1$
b11111100100101101001000000011 )
1+

#12520000
0!

#12525000
1!
b10001011010101011011011101101110 #
1$
b101000111110010000010000111000 )
1+

#12530000
0!

#12535000
1!
b101000010101001001110100010111 #
1$
b110010101000000001101000101100 )
1+

#12540000
0!

#12545000
1!
b11110100011101101111000100000 #
1$
b11011111111010110010111101101101 )
1+

#12550000
0!

#12555000
1!
b1000011010011101001100111011001 #
1$
b11011001101000101101110001010001 )
1+

#12560000
0!

#12565000
1!
b10001111000111011100010001100111 #
1$
b10010000001101111110001011011010 )
1+

#12570000
0!

#12575000
1!
b11011100000011000110101000011001 #
1$
b11100011010001111100110011110100 )
1+

#12580000
0!

#12585000
1!
b10001100010001011101000110011011 #
1$
b1111100100110000100111111101 )
1+

#12590000
0!

#12595000
1!
b11000111011111000001010111111100 #
1$
b1001101101111100001001101110010 )
1+

#12600000
0!

#12605000
1!
b101101000101101011110100011110 #
1$
b111000100101010011111101000111 )
1+

#12610000
0!

#12615000
1!
b10100101011010110010101100000000 #
1$
b11110100000100100100101101010 )
1+

#12620000
0!

#12625000
1!
b10111110000000101010000010101110 #
1$
1(
b1001110111110110000111110010001 )
1+

#12630000
0!

#12635000
1!
0$
b110110111010110010000000000101 )
1+

#12640000
0!

#12645000
1!
b11001100000101001100010100010000 )
1+

#12650000
0!

#12655000
1!
b1101111101001111001111110111 )
1+

#12660000
0!

#12665000
1!
b11001001101100110100001011010001 )
1+

#12670000
0!

#12675000
1!
b11001101100110110101010110001000 )
1+

#12680000
0!

#12685000
1!
b11110000000010001010100101101011 )
1+

#12690000
0!

#12695000
1!
b1010001001101110001010100010101 )
1+

#12700000
0!

#12705000
1!
b111000010110111011001101001111 )
1+

#12710000
0!

#12715000
1!
b11001000000101110010101111100111 )
1+

#12720000
0!

#12725000
1!
b101011011011111111011001010100 )
1+
1.

#12730000
0!

#12735000
1!
0*
1+

#12740000
0!

#12745000
1!

#12750000
0!

#12755000
1!

#12760000
0!

#12765000
1!

#12770000
0!

#12775000
1!
b1001011000000000100101100 )
1*
0.

#12780000
0!

#12785000
1!
b0 )
1+
1.

#12790000
0!

#12795000
1!
0*
1+
16

#12800000
0!

#12805000
1!
06
07
19
1:

#12810000
0!

#12815000
1!
17
09
0:

#12820000
0!

#12825000
1!
b10000000000100000 #
1$
0(

#12825010
1/

#12830000
0!

#12835000
1!
b1101 #
1$
1(
0/
00
12
13

#12840000
0!

#12845000
1!
b11100001111001100010000011111100 #
1$
0%
0(
02
03
1=
1>

#12850000
0!

#12855000
1!
1%
10
0=
0>

#12860000
0!

#12865000
1!
b1101000111011101001110011010 #
1$
b10000000000100000 )
1*

#12870000
0!

#12875000
1!
b11111100111011101111001101100011 #
1$
0%
0*
1+

#12880000
0!

#12885000
1!

#12890000
0!

#12895000
1!
1%

#12900000
0!

#12905000
1!
b11110011110111001101100010011011 #
1$

#12910000
0!

#12915000
1!
b11110010011001100000110101110010 #
1$

#12920000
0!

#12925000
1!
b11011001111000001111100001001 #
1$

#12930000
0!

#12935000
1!
b1001100101010 #
1$
1(

#12940000
0!

#12945000
1!
0$

#12950000
0!

#12955000
1!

#12960000
0!

#12965000
1!

#12970000
0!

#12975000
1!

#12980000
0!

#12985000
1!

#12990000
0!

#12995000
1!

#13000000
0!

#13005000
1!

#13010000
0!

#13015000
1!

#13020000
0!

#13025000
1!

#13030000
0!

#13035000
1!

#13040000
0!

#13045000
1!

#13050000
0!

#13055000
1!

#13060000
0!

#13065000
1!

#13070000
0!

#13075000
1!

#13080000
0!

#13085000
1!

#13090000
0!

#13095000
1!

#13100000
0!

#13105000
1!

#13110000
0!

#13115000
1!

#13120000
0!

#13125000
1!

#13130000
0!

#13135000
1!

#13140000
0!

#13145000
1!

#13150000
0!

#13155000
1!

#13160000
0!

#13165000
1!

#13170000
0!

#13175000
1!

#13180000
0!

#13185000
1!

#13190000
0!

#13195000
1!

#13200000
0!

#13205000
1!

#13210000
0!

#13215000
1!

#13220000
0!

#13225000
1!

#13230000
0!

#13235000
1!

#13240000
0!

#13245000
1!

#13250000
0!

#13255000
1!

#13260000
0!

#13265000
1!

#13270000
0!

#13275000
1!

#13280000
0!

#13285000
1!

#13290000
0!

#13295000
1!

#13300000
0!

#13305000
1!

#13310000
0!

#13315000
1!

#13320000
0!

#13325000
1!

#13330000
0!

#13335000
1!
b1101 )
1*
0.

#13340000
0!

#13345000
1!
b0 )
1+
1.

#13350000
0!

#13355000
1!
0*
1+
16

#13360000
0!

#13365000
1!
06
07
19
1:

#13370000
0!

#13375000
1!
17
09
0:

#13380000
0!

#13385000
1!
b100000000000100001 #
1$
0(

#13385010
1/

#13390000
0!

#13395000
1!
b10000000000000001 #
1$
1(
0/
00
12
13

#13400000
0!

#13405000
1!
b110011110110111 #
1$
0%
02
03
1=
1>

#13410000
0!

#13415000
1!
1%
10
0=
0>

#13420000
0!

#13425000
1!
0$
b100000000000100001 )
1*

#13430000
0!

#13435000
1!
0*
1+

#13440000
0!

#13445000
1!

#13450000
0!

#13455000
1!

#13460000
0!

#13465000
1!

#13470000
0!

#13475000
1!

#13480000
0!

#13485000
1!

#13490000
0!

#13495000
1!

#13500000
0!

#13505000
1!

#13510000
0!

#13515000
1!

#13520000
0!

#13525000
1!

#13530000
0!

#13535000
1!

#13540000
0!

#13545000
1!

#13550000
0!

#13555000
1!
b1101010111010 )
1*

#13560000
0!

#13565000
1!
0*
1+

#13570000
0!

#13575000
1!

#13580000
0!

#13585000
1!

#13590000
0!

#13595000
1!

#13600000
0!

#13605000
1!
b10000000000000001 )
1*
0.

#13610000
0!

#13615000
1!
b0 )
1+
1.

#13620000
0!

#13625000
1!
0*
1+
16

#13630000
0!

#13635000
1!
06
07
19
1:

#13640000
0!

#13645000
1!
17
09
0:

#13650000
0!

#13655000
1!
b100000000000100010 #
1$
0(

#13655010
1/

#13660000
0!

#13665000
1!
b10000000000000111 #
1$
1(
0/
00
12
13

#13670000
0!

#13675000
1!
b10101101011001110011100010100001 #
1$
0%
0(
02
03
1=
1>

#13680000
0!

#13685000
1!
1%
10
0=
0>

#13690000
0!

#13695000
1!
b100111000111000101101111000011 #
1$
b100000000000100010 )
1*

#13700000
0!

#13705000
1!
b11001100010111011001100100110101 #
1$
0%
0*
1+

#13710000
0!

#13715000
1!

#13720000
0!

#13725000
1!

#13730000
0!

#13735000
1!

#13740000
0!

#13745000
1!
1%

#13750000
0!

#13755000
1!
b1010101001101001 #
1$
1(

#13760000
0!

#13765000
1!
0$

#13770000
0!

#13775000
1!

#13780000
0!

#13785000
1!

#13790000
0!

#13795000
1!

#13800000
0!

#13805000
1!

#13810000
0!

#13815000
1!

#13820000
0!

#13825000
1!
b10111001011011001111011000110100 )
1*
0.

#13830000
0!

#13835000
1!
b1100101110110010001000001110 )
1+

#13840000
0!

#13845000
1!
b11101101100100001010101111110101 )
1+

#13850000
0!

#13855000
1!
b1111101101101100 )
1+
1.

#13860000
0!

#13865000
1!
0*
1+

#13870000
0!

#13875000
1!

#13880000
0!

#13885000
1!

#13890000
0!

#13895000
1!

#13900000
0!

#13905000
1!
b1110000000000000111 )
1*
0.

#13910000
0!

#13915000
1!
b0 )
1+
1.

#13920000
0!

#13925000
1!
0*
1+
16

#13930000
0!

#13935000
1!
06
07
19
1:

#13940000
0!

#13945000
1!
17
09
0:

#13950000
0!

#13955000
1!
b100000000000100011 #
1$
0(

#13955010
1/

#13960000
0!

#13965000
1!
b10000000001000000 #
1$
1(
0/
00
12
13

#13970000
0!

#13975000
1!
b111010010110110111011110001010 #
1$
0%
0(
02
03
1=
1>

#13980000
0!

#13985000
1!
1%
10
0=
0>

#13990000
0!

#13995000
1!
b11001000010100010110101101111011 #
1$
b100000000000100011 )
1*

#14000000
0!

#14005000
1!
b11010101010110010001011001000 #
1$
0%
0*
1+

#14010000
0!

#14015000
1!

#14020000
0!

#14025000
1!

#14030000
0!

#14035000
1!

#14040000
0!

#14045000
1!
1%

#14050000
0!

#14055000
1!
b10011110001101100100000010110011 #
1$

#14060000
0!

#14065000
1!
b100101000000000000001111100001 #
1$

#14070000
0!

#14075000
1!
b100111111101010101001101101101 #
1$

#14080000
0!

#14085000
1!
b11110101110010111111001011001001 #
1$

#14090000
0!

#14095000
1!
b10101000010000001101011010111100 #
1$

#14100000
0!

#14105000
1!
b10100101011010001100011100100100 #
1$

#14110000
0!

#14115000
1!
b1011010100100101011100111110000 #
1$

#14120000
0!

#14125000
1!
b10010111011100110000011010011011 #
1$
b11111011000010010101001100110100 )
1*
0.

#14130000
0!

#14135000
1!
b11000101010100101110111001010000 #
1$
b101100001100011101100100000010 )
1+

#14140000
0!

#14145000
1!
b1010100100011100010100111000110 #
1$
b110001110101110000100010010100 )
1+

#14150000
0!

#14155000
1!
b11110111001111111000001101001001 #
1$
b10110001001001001110011000011100 )
1+

#14160000
0!

#14165000
1!
b1111101100111101111001010011100 #
1$
b11111110111100111101010010110010 )
1+

#14170000
0!

#14175000
1!
b10101010010010111101110101111100 #
1$
b11110000010100011111110100100000 )
1+

#14180000
0!

#14185000
1!
b11111010010000001011001000000101 #
1$
b100000100110000000011110000100 )
1+

#14190000
0!

#14195000
1!
b11010011100110010001100001001001 #
1$
b11010111111110000001000000001110 )
1+

#14200000
0!

#14205000
1!
b101001110011001110111101110000 #
1$
b11111010110111110001101111000111 )
1+

#14210000
0!

#14215000
1!
b1110110111110001100110011001100 #
1$
b1000101111011110000110100111001 )
1+

#14220000
0!

#14225000
1!
b1101111011011001011010110011100 #
1$
b111011011110010011111011001 )
1+

#14230000
0!

#14235000
1!
b1110100111111010101111111100111 #
1$
b101111111000000100110001110100 )
1+

#14240000
0!

#14245000
1!
b111010110100100110000100110 #
1$
b11110000010111010010010010000100 )
1+

#14250000
0!

#14255000
1!
b10110100111010010001101101010001 #
1$
b1001100010101000110010111100 )
1+

#14260000
0!

#14265000
1!
b11110110100100001101100001011000 #
1$
b10001111111010000100101111001 )
1+

#14270000
0!

#14275000
1!
b1001011011101100111001001100010 #
1$
b10011100010010101111001111101011 )
1+

#14280000
0!

#14285000
1!
b11000010101010001000000111001 #
1$
b10000010100000010100111100000 )
1+

#14290000
0!

#14295000
1!
b11101011011000001110111011001001 #
1$
b11101101101011000000010000100001 )
1+

#14300000
0!

#14305000
1!
b10000001000011110110011010000011 #
1$
b111111010000111111111100100100 )
1+

#14310000
0!

#14315000
1!
b11101000100010101101000111000000 #
1$
b111100011011011101111101001010 )
1+

#14320000
0!

#14325000
1!
b11101001011100100011001000101100 #
1$
b101101101001111001111101111 )
1+

#14330000
0!

#14335000
1!
b10010100000011111101000001010110 #
1$
1(
b10011101011110010000101010110100 )
1+

#14340000
0!

#14345000
1!
0$
b10100111111110001110111010000000 )
1+

#14350000
0!

#14355000
1!
b11010100010100001110001010111001 )
1+

#14360000
0!

#14365000
1!
b11111111001111011000111011110 )
1+

#14370000
0!

#14375000
1!
b10100000111011111111000110011 )
1+

#14380000
0!

#14385000
1!
b1000100100010001110010111001001 )
1+

#14390000
0!

#14395000
1!
b1101001001110011110000000111 )
1+

#14400000
0!

#14405000
1!
b10011111101001000001100101101010 )
1+

#14410000
0!

#14415000
1!
b11010100101101101100010111110 )
1+

#14420000
0!

#14425000
1!
b101101110111110001110001010111 )
1+

#14430000
0!

#14435000
1!
b110001011100001110111111110010 )
1+
1.

#14440000
0!

#14445000
1!
0*
1+

#14450000
0!

#14455000
1!

#14460000
0!

#14465000
1!

#14470000
0!

#14475000
1!

#14480000
0!

#14485000
1!
b10000000000000001000000 )
1*
0.

#14490000
0!

#14495000
1!
b0 )
1+
1.

#14500000
0!

#14505000
1!
0*
1+
16

#14510000
0!

#14515000
1!
06
07
19
1:

#14520000
0!

#14525000
1!
17
09
0:

#14530000
0!

#14535000
1!
b100000000000100100 #
1$
0(

#14535010
1/

#14540000
0!

#14545000
1!
b10000000000000011 #
1$
1(
0/
00
12
13

#14550000
0!

#14555000
1!
b10011011000100001100001011110101 #
1$
0%
0(
02
03
1=
1>

#14560000
0!

#14565000
1!
1%
10
0=
0>

#14570000
0!

#14575000
1!
b11001101101010 #
1$
1(
b100000000000100100 )
1*

#14580000
0!

#14585000
1!
0$
0%
0*
1+

#14590000
0!

#14595000
1!

#14600000
0!

#14605000
1!

#14610000
0!

#14615000
1!

#14620000
0!

#14625000
1!
1%

#14630000
0!

#14635000
1!

#14640000
0!

#14645000
1!

#14650000
0!

#14655000
1!

#14660000
0!

#14665000
1!

#14670000
0!

#14675000
1!

#14680000
0!

#14685000
1!

#14690000
0!

#14695000
1!

#14700000
0!

#14705000
1!
b100010010000011111000101001 )
1*
0.

#14710000
0!

#14715000
1!
b100000110100101 )
1+
1.

#14720000
0!

#14725000
1!
0*
1+

#14730000
0!

#14735000
1!

#14740000
0!

#14745000
1!

#14750000
0!

#14755000
1!

#14760000
0!

#14765000
1!
b110000000000000011 )
1*
0.

#14770000
0!

#14775000
1!
b0 )
1+
1.

#14780000
0!

#14785000
1!
0*
1+
16

#14790000
0!

#14795000
1!
06
07
19
1:

#14800000
0!

#14805000
1!
17
09
0:

#14810000
0!

#14815000
1!
b100000000000100101 #
1$
0(

#14815010
1/

#14820000
0!

#14825000
1!
b10000000001100100 #
1$
1(
0/
00
12
13

#14830000
0!

#14835000
1!
b10111010010101111110110110000101 #
1$
0%
0(
02
03
1=
1>

#14840000
0!

#14845000
1!
1%
10
0=
0>

#14850000
0!

#14855000
1!
b11111110001111000000101001000001 #
1$
b100000000000100101 )
1*

#14860000
0!

#14865000
1!
b10100011111001111100100000110 #
1$
0%
0*
1+

#14870000
0!

#14875000
1!

#14880000
0!

#14885000
1!

#14890000
0!

#14895000
1!

#14900000
0!

#14905000
1!
1%

#14910000
0!

#14915000
1!
b10110000010111000010000001101011 #
1$

#14920000
0!

#14925000
1!
b111011001100101010011110101111 #
1$

#14930000
0!

#14935000
1!
b1100011010010111100011111111 #
1$

#14940000
0!

#14945000
1!
b11111000110101111001101100111 #
1$

#14950000
0!

#14955000
1!
b11011111010001001000100011011110 #
1$

#14960000
0!

#14965000
1!
b11101011100100011101101111010111 #
1$

#14970000
0!

#14975000
1!
b11111110101011010011111001110100 #
1$

#14980000
0!

#14985000
1!
b11111000010100000101101100010100 #
1$
b11100000100001100001000001000011 )
1*
0.

#14990000
0!

#14995000
1!
b101100111101101000100010110011 #
1$
b101011011011000010010110011111 )
1+

#15000000
0!

#15005000
1!
b10011110000010100110001001110 #
1$
b101110110110001010011001010 )
1+

#15010000
0!

#15015000
1!
b11101010100100000111000000000010 #
1$
b11010110011000001101101101110001 )
1+

#15020000
0!

#15025000
1!
b10000000011101100100110000001111 #
1$
b101001001011111011100111111011 )
1+

#15030000
0!

#15035000
1!
b1001011010001011000100111111010 #
1$
b10111100001100010010011000110000 )
1+

#15040000
0!

#15045000
1!
b100111101100101111110010100 #
1$
b11111000000101100010011111010 )
1+

#15050000
0!

#15055000
1!
b11010011100110000100000010110010 #
1$
b11110000111100011111010110110111 )
1+

#15060000
0!

#15065000
1!
b11111111111111010011101000011110 #
1$
b11110110100101100000101101010111 )
1+

#15070000
0!

#15075000
1!
b10010111111011001100110110110111 #
1$
b11010110001001010001000010110010 )
1+

#15080000
0!

#15085000
1!
b1100111100110101010110010110110 #
1$
b110001111011110100000000101000 )
1+

#15090000
0!

#15095000
1!
b1111101010111111111000110011110 #
1$
b1001011111011101100110111001010 )
1+

#15100000
0!

#15105000
1!
b10001111000010011101101001010110 #
1$
b10110101011101001111111011111100 )
1+

#15110000
0!

#15115000
1!
b11011011101101011100000110010111 #
1$
b11000000111011111101100110001110 )
1+

#15120000
0!

#15125000
1!
b111010111001010011001101110101 #
1$
b11011001010010000001111111000000 )
1+

#15130000
0!

#15135000
1!
b11010000011100010011110010101001 #
1$
b1111000000000101100111100101110 )
1+

#15140000
0!

#15145000
1!
b10001001010101110000101001000 #
1$
b10110101101001111110100111001001 )
1+

#15150000
0!

#15155000
1!
b11101010101001000001101100110110 #
1$
b10110011110000000001101000000 )
1+

#15160000
0!

#15165000
1!
b1000110001100101011000010110001 #
1$
b11111001101110000101110110111101 )
1+

#15170000
0!

#15175000
1!
b1110101010111010000010101010000 #
1$
b11110001101100011100111100011000 )
1+

#15180000
0!

#15185000
1!
b1100011011011010111001000110011 #
1$
b101111110001111101000100010110 )
1+

#15190000
0!

#15195000
1!
b11110111101010111010111110100 #
1$
b10010011100100000100100111010 )
1+

#15200000
0!

#15205000
1!
b10101001000001111100110001011001 #
1$
b11011000111100010010110001111000 )
1+

#15210000
0!

#15215000
1!
b1110010011100101001101011101111 #
1$
b100110010000100111111100001 )
1+

#15220000
0!

#15225000
1!
b10000110000011001100010100110100 #
1$
b11011111111000100001100111111110 )
1+

#15230000
0!

#15235000
1!
b11001100001101101000100110011100 #
1$
b1000010000001011011001100011 )
1+

#15240000
0!

#15245000
1!
b11001000000101110111101010111000 #
1$
b1001111011001010000001011001011 )
1+

#15250000
0!

#15255000
1!
b101011111111001001101000100011 #
1$
b11001001011010000000100111010000 )
1+

#15260000
0!

#15265000
1!
b11111100110000111000111101001010 #
1$
b10000100110001011000101000110 )
1+

#15270000
0!

#15275000
1!
b10010111110001111001011000001101 #
1$
b11111101010001000010010100 )
1+

#15280000
0!

#15285000
1!
b10000011010010101101110000110000 #
1$
b11100100110101110010101001000101 )
1+

#15290000
0!

#15295000
1!
b11010101101000101100111000000 #
1$
b10101101000011001111110000110100 )
1+

#15300000
0!

#15305000
1!
b11111101110100010110111011110001 #
1$
b11011000111001111011010111101001 )
1+

#15310000
0!

#15315000
1!
b11001111101000000111001011110 #
1$
b100111100010011011100010011100 )
1+

#15320000
0!

#15325000
1!
b10000011000111111011101001101 #
1$
b11010111110110011100101010010010 )
1+

#15330000
0!

#15335000
1!
b1100011111101010001001010001011 #
1$
b1111111111111110110111010010100 )
1+

#15340000
0!

#15345000
1!
b1101011000111001100110110101001 #
1$
b11111010001100110111111111111111 )
1+

#15350000
0!

#15355000
1!
b10110000001100011010110000100110 #
1$
b1110001101000001110001100110101 )
1+

#15360000
0!

#15365000
1!
b1110001001011101100000101001001 #
1$
b10000011000001101011001001010 )
1+

#15370000
0!

#15375000
1!
b1001001101010001011111010101001 #
1$
1(
b11100101100000101111011100010010 )
1+

#15380000
0!

#15385000
1!
0$
b10110101110011110011010101011000 )
1+

#15390000
0!

#15395000
1!
b1000110000110110101101101111101 )
1+

#15400000
0!

#15405000
1!
b10100110100001110111010011101 )
1+

#15410000
0!

#15415000
1!
b100010100011101100001110000101 )
1+

#15420000
0!

#15425000
1!
b10110001111110001011001100100100 )
1+

#15430000
0!

#15435000
1!
b11000101111000001100100010000101 )
1+

#15440000
0!

#15445000
1!
b11110110110010111101000101111000 )
1+

#15450000
0!

#15455000
1!
b11100010100110110001101010101001 )
1+

#15460000
0!

#15465000
1!
b100000110011100011010111101101 )
1+

#15470000
0!

#15475000
1!
b11110000111000111111001110011010 )
1+
1.

#15480000
0!

#15485000
1!
0*
1+

#15490000
0!

#15495000
1!

#15500000
0!

#15505000
1!

#15510000
0!

#15515000
1!

#15520000
0!

#15525000
1!
b11001000000000001100100 )
1*
0.

#15530000
0!

#15535000
1!
b0 )
1+
1.

#15540000
0!

#15545000
1!
0*
1+
16

#15550000
0!

#15555000
1!
06
07
19
1:

#15560000
0!

#15565000
1!
17
09
0:

#15570000
0!

#15575000
1!
b100000000000100110 #
1$
0(

#15575010
1/

#15580000
0!

#15585000
1!
b10000000001111101 #
1$
1(
0/
00
12
13

#15590000
0!

#15595000
1!
b100011100101110001010101000101 #
1$
0%
0(
02
03
1=
1>

#15600000
0!

#15605000
1!
1%
10
0=
0>

#15610000
0!

#15615000
1!
b101000110111001001001111011010 #
1$
b100000000000100110 )
1*

#15620000
0!

#15625000
1!
b1011110010101001000111001010 #
1$
0%
0*
1+

#15630000
0!

#15635000
1!

#15640000
0!

#15645000
1!

#15650000
0!

#15655000
1!

#15660000
0!

#15665000
1!
1%

#15670000
0!

#15675000
1!
b1101010110100010100100101111100 #
1$

#15680000
0!

#15685000
1!
b10111011101101110111110101011101 #
1$

#15690000
0!

#15695000
1!
b11001011011000100010010000011 #
1$

#15700000
0!

#15705000
1!
b1010000011100100011101111010000 #
1$

#15710000
0!

#15715000
1!
b10100010011111111111100101100111 #
1$

#15720000
0!

#15725000
1!
b11101100100010100100111101010 #
1$

#15730000
0!

#15735000
1!
b11100111001000001010001000101111 #
1$

#15740000
0!

#15745000
1!
b1000100000110101010010100101010 #
1$
b101010000001110010010011101110 )
1*
0.

#15750000
0!

#15755000
1!
b10010001010101011101010110110011 #
1$
b10101111110011111001000101101 )
1+

#15760000
0!

#15765000
1!
b11011010110001100100011001101 #
1$
b11101100100111010000010101111010 )
1+

#15770000
0!

#15775000
1!
b1011011011010010001011101010110 #
1$
b11111101010010101111011100111000 )
1+

#15780000
0!

#15785000
1!
b100000110110111101110001101001 #
1$
b11001000111100100000111111110011 )
1+

#15790000
0!

#15795000
1!
b11010010010000110111000111100011 #
1$
b111101011110010001001110011001 )
1+

#15800000
0!

#15805000
1!
b100111111000101000011111000001 #
1$
b11100101111010111010010010100100 )
1+

#15810000
0!

#15815000
1!
b11010110100100010001100111000000 #
1$
b11001101100110001000011110101000 )
1+

#15820000
0!

#15825000
1!
b101011001010000001000000010010 #
1$
b10101000111010010010000011001 )
1+

#15830000
0!

#15835000
1!
b10100000110110110101000101111101 #
1$
b1101011010011111011000100010 )
1+

#15840000
0!

#15845000
1!
b11000111101011011111100010101010 #
1$
b1001011010000100001111111001110 )
1+

#15850000
0!

#15855000
1!
b10001000011000001101010101111011 #
1$
b11011100000000110001000110100000 )
1+

#15860000
0!

#15865000
1!
b10010101011110111110110000001110 #
1$
b110001010100110110111100111101 )
1+

#15870000
0!

#15875000
1!
b1110000001010110110100011110 #
1$
b10010110000100001100001001001 )
1+

#15880000
0!

#15885000
1!
b10111011010100001110101111011100 #
1$
b10011011101101101111001101000 )
1+

#15890000
0!

#15895000
1!
b100000111010111000001101001 #
1$
b10101111111110010000111011010001 )
1+

#15900000
0!

#15905000
1!
b101000110110010111110001100000 #
1$
b10000011101011011101111000100 )
1+

#15910000
0!

#15915000
1!
b1100001100101010111111001001111 #
1$
b11000001100110001110110011010110 )
1+

#15920000
0!

#15925000
1!
b11011010111001010011111000001010 #
1$
b1000001000010011110010110010100 )
1+

#15930000
0!

#15935000
1!
b11010001100101000100011100001001 #
1$
b11000110110001000011110110101011 )
1+

#15940000
0!

#15945000
1!
b11010000010011000101110000000100 #
1$
b1000101010000110000010111011001 )
1+

#15950000
0!

#15955000
1!
b10011110001010111001001111010111 #
1$
b11011000101110011101100110100011 )
1+

#15960000
0!

#15965000
1!
b101001110001101111010001000110 #
1$
b101101111000110000100010011111 )
1+

#15970000
0!

#15975000
1!
b1010001110101001100101000010101 #
1$
b100000101110010100001110010000 )
1+

#15980000
0!

#15985000
1!
b11111001000101101100000101101100 #
1$
b101000110001010000011010110011 )
1+

#15990000
0!

#15995000
1!
b1110111011001101011000000000 #
1$
b11110101100011100011011010000111 )
1+

#16000000
0!

#16005000
1!
b1110101010111101011000001100101 #
1$
b10111000011001101100111001110011 )
1+

#16010000
0!

#16015000
1!
b110010111011000110110011111000 #
1$
b11010011110111001101100111001010 )
1+

#16020000
0!

#16025000
1!
b111110101110100000011111011110 #
1$
b11000101100110011010011000101101 )
1+

#16030000
0!

#16035000
1!
b1100011101101101111011111111010 #
1$
b10110011001100011111110011110101 )
1+

#16040000
0!

#16045000
1!
b10110111001111101001000011111000 #
1$
b11010011010011111110100100111101 )
1+

#16050000
0!

#16055000
1!
b100110011100011111010011100011 #
1$
b1000100011010111110000100000001 )
1+

#16060000
0!

#16065000
1!
b110111101001110011010011111011 #
1$
b1011100100101000101000001100111 )
1+

#16070000
0!

#16075000
1!
b1010111100111000111000010111001 #
1$
b101010101001110001100001010101 )
1+

#16080000
0!

#16085000
1!
b11011000000000100110101001100111 #
1$
b11111111000100110011111000100101 )
1+

#16090000
0!

#16095000
1!
b110000010101000011001000001011 #
1$
b11111001011110010011011011011110 )
1+

#16100000
0!

#16105000
1!
b11010101110010001101011010010 #
1$
b11100101010110111111100100111101 )
1+

#16110000
0!

#16115000
1!
b11101000110010110000011001101100 #
1$
b11010001100010111111101101111000 )
1+

#16120000
0!

#16125000
1!
b10011010000010001010001100001011 #
1$
b10010000110001101110000100011 )
1+

#16130000
0!

#16135000
1!
b11011010011000011000000010101011 #
1$
b11100101101110001111000110110000 )
1+

#16140000
0!

#16145000
1!
b1110110101001101101111101001100 #
1$
b11010010000000111000011110000011 )
1+

#16150000
0!

#16155000
1!
b10110111011011101011111000001100 #
1$
b100001110000001111110010010 )
1+

#16160000
0!

#16165000
1!
b10011101000101111000101101010101 #
1$
b11010001011000010100011111001 )
1+

#16170000
0!

#16175000
1!
b11011110001000000010100001010100 #
1$
b101111011011010011001010100000 )
1+

#16180000
0!

#16185000
1!
b10011001110110010001111010001110 #
1$
b11011100010100011101111111101011 )
1+

#16190000
0!

#16195000
1!
b11000100011001110100001101001110 #
1$
b11100010110110101101100110100010 )
1+

#16200000
0!

#16205000
1!
b1101010000110011000111100011101 #
1$
b11001100111101001001000000110111 )
1+

#16210000
0!

#16215000
1!
b11010001100110111101110000001100 #
1$
b1001111111011110001101000111 )
1+

#16220000
0!

#16225000
1!
b10101111111001000110001000101 #
1$
b10011011100100000111110010011 )
1+

#16230000
0!

#16235000
1!
b10111101000111101100011101111100 #
1$
b111111010001110100110110111110 )
1+

#16240000
0!

#16245000
1!
b101011000000000010110100010110 #
1$
b1001001011010100011100010010101 )
1+

#16250000
0!

#16255000
1!
b10100000101011101010010101101011 #
1$
b1111100100010001111010000010 )
1+

#16260000
0!

#16265000
1!
b1011111000000010 #
1$
1(
b100000000001010100111011111011 )
1+

#16270000
0!

#16275000
1!
0$
b11000101000100000011011011101011 )
1+

#16280000
0!

#16285000
1!
b11110011111101111100110000010100 )
1+

#16290000
0!

#16295000
1!
b1000010110100010000110111110100 )
1+

#16300000
0!

#16305000
1!
b1010101100010001100100110110011 )
1+

#16310000
0!

#16315000
1!
b10101001011010111100110110011011 )
1+

#16320000
0!

#16325000
1!
b10101000101011111000000001000 )
1+

#16330000
0!

#16335000
1!
b10110011010011110101000100110111 )
1+

#16340000
0!

#16345000
1!
b101011111001110011100001011011 )
1+

#16350000
0!

#16355000
1!
b11110110010101001100100000010111 )
1+

#16360000
0!

#16365000
1!
b10101101101111 )
1+
1.

#16370000
0!

#16375000
1!
0*
1+

#16380000
0!

#16385000
1!

#16390000
0!

#16395000
1!

#16400000
0!

#16405000
1!

#16410000
0!

#16415000
1!
b11111010000000001111101 )
1*
0.

#16420000
0!

#16425000
1!
b0 )
1+
1.

#16430000
0!

#16435000
1!
0*
1+
16

#16440000
0!

#16445000
1!
06
07
19
1:

#16450000
0!

#16455000
1!
17
09
0:

#16460000
0!

#16465000
1!
b10000000000101000 #
1$
0(

#16465010
1/

#16470000
0!

#16475000
1!
b110 #
1$
1(
0/
00
12
13

#16480000
0!

#16485000
1!
b10111110110101110010110111010 #
1$
0%
0(
02
03
1=
1>

#16490000
0!

#16495000
1!
1%
10
0=
0>

#16500000
0!

#16505000
1!
b11110010100001100010111011001100 #
1$
b10000000000101000 )
1*

#16510000
0!

#16515000
1!
b11010110111001110001011011000100 #
1$
0%
1(
0*
1+

#16520000
0!

#16525000
1!

#16530000
0!

#16535000
1!
1%

#16540000
0!

#16545000
1!
0$

#16550000
0!

#16555000
1!

#16560000
0!

#16565000
1!

#16570000
0!

#16575000
1!

#16580000
0!

#16585000
1!

#16590000
0!

#16595000
1!

#16600000
0!

#16605000
1!

#16610000
0!

#16615000
1!

#16620000
0!

#16625000
1!

#16630000
0!

#16635000
1!

#16640000
0!

#16645000
1!

#16650000
0!

#16655000
1!

#16660000
0!

#16665000
1!

#16670000
0!

#16675000
1!

#16680000
0!

#16685000
1!

#16690000
0!

#16695000
1!

#16700000
0!

#16705000
1!

#16710000
0!

#16715000
1!

#16720000
0!

#16725000
1!

#16730000
0!

#16735000
1!

#16740000
0!

#16745000
1!

#16750000
0!

#16755000
1!

#16760000
0!

#16765000
1!

#16770000
0!

#16775000
1!

#16780000
0!

#16785000
1!

#16790000
0!

#16795000
1!

#16800000
0!

#16805000
1!

#16810000
0!

#16815000
1!

#16820000
0!

#16825000
1!

#16830000
0!

#16835000
1!

#16840000
0!

#16845000
1!

#16850000
0!

#16855000
1!

#16860000
0!

#16865000
1!

#16870000
0!

#16875000
1!

#16880000
0!

#16885000
1!

#16890000
0!

#16895000
1!

#16900000
0!

#16905000
1!

#16910000
0!

#16915000
1!

#16920000
0!

#16925000
1!

#16930000
0!

#16935000
1!
b110 )
1*
0.

#16940000
0!

#16945000
1!
b0 )
1+
1.

#16950000
0!

#16955000
1!
0*
1+
16

#16960000
0!

#16965000
1!
06
07
19
1:

#16970000
0!

#16975000
1!
17
09
0:

#16980000
0!

#16985000
1!
b100000000000101001 #
1$
0(

#16985010
1/

#16990000
0!

#16995000
1!
b10000000000110010 #
1$
1(
0/
00
12
13

#17000000
0!

#17005000
1!
b1110011111011110001011010110 #
1$
0%
0(
02
03
1=
1>

#17010000
0!

#17015000
1!
1%
10
0=
0>

#17020000
0!

#17025000
1!
b11001111011111000100101101111100 #
1$
b100000000000101001 )
1*

#17030000
0!

#17035000
1!
b1011101101101111011111100101111 #
1$
0%
0*
1+

#17040000
0!

#17045000
1!

#17050000
0!

#17055000
1!

#17060000
0!

#17065000
1!

#17070000
0!

#17075000
1!
1%

#17080000
0!

#17085000
1!
b10110101010110011100100011011000 #
1$

#17090000
0!

#17095000
1!
b10010110101111100100011011000001 #
1$

#17100000
0!

#17105000
1!
b11110111101100000011000111110111 #
1$

#17110000
0!

#17115000
1!
b1011010100011100100100011101001 #
1$

#17120000
0!

#17125000
1!
b10111111011111111110001110101011 #
1$

#17130000
0!

#17135000
1!
b111000011111011010111101001111 #
1$

#17140000
0!

#17145000
1!
b1001101101000111110111100111100 #
1$

#17150000
0!

#17155000
1!
b1111111010011110011110110011101 #
1$
b11110111100101110000010111111100 )
1*
0.

#17160000
0!

#17165000
1!
b1101010100100110101100010101001 #
1$
b100000011001001110100010001011 )
1+

#17170000
0!

#17175000
1!
b1101001000001000110011011111000 #
1$
b11010010111100010001100100100110 )
1+

#17180000
0!

#17185000
1!
b11100000110011110111111000011111 #
1$
b1101010001000001001011111000 )
1+

#17190000
0!

#17195000
1!
b11000101001111101000000110000 #
1$
b110010110010001100100110010101 )
1+

#17200000
0!

#17205000
1!
b10101110010001110101011010001010 #
1$
b11100001100001001101101111110101 )
1+

#17210000
0!

#17215000
1!
b11001101001010010111111110011101 #
1$
b11001001010000110011000101100011 )
1+

#17220000
0!

#17225000
1!
b11100101100110011100011110010100 #
1$
b1111110111110101110011100111 )
1+

#17230000
0!

#17235000
1!
b11100101011010011000000101001011 #
1$
b11001001011101110000000001001010 )
1+

#17240000
0!

#17245000
1!
b1001101001010011010010001111001 #
1$
b111101101101101010100100101 )
1+

#17250000
0!

#17255000
1!
b100001111011000100011100010110 #
1$
b110011011101001111110000011010 )
1+

#17260000
0!

#17265000
1!
b10101010001110100100110111001010 #
1$
b110101111001011111111011000010 )
1+

#17270000
0!

#17275000
1!
b1100001110000111100001001111111 #
1$
b11110000111110000001111000100 )
1+

#17280000
0!

#17285000
1!
b11000101001011000111000010110001 #
1$
b101111111100101111101100000000 )
1+

#17290000
0!

#17295000
1!
b10011101101000101011110010001000 #
1$
1(
b11001010111101110001011100100111 )
1+

#17300000
0!

#17305000
1!
0$
b111010001101100101011001 )
1+

#17310000
0!

#17315000
1!
b1110111101101111010100100010 )
1+

#17320000
0!

#17325000
1!
b10110000100100000100000011011000 )
1+

#17330000
0!

#17335000
1!
b10111000000111110011011011000000 )
1+

#17340000
0!

#17345000
1!
b11110000001001011110100010010100 )
1+

#17350000
0!

#17355000
1!
b1010000000101011101001100010001 )
1+

#17360000
0!

#17365000
1!
b1010000001000010000000001111010 )
1+

#17370000
0!

#17375000
1!
b10101000001000100000100101100001 )
1+

#17380000
0!

#17385000
1!
b100011000011111111000010010011 )
1+

#17390000
0!

#17395000
1!
b1011011000100011001001100101 )
1+
1.

#17400000
0!

#17405000
1!
0*
1+

#17410000
0!

#17415000
1!

#17420000
0!

#17425000
1!

#17430000
0!

#17435000
1!

#17440000
0!

#17445000
1!
b1100100000000000110010 )
1*
0.

#17450000
0!

#17455000
1!
b0 )
1+
1.

#17460000
0!

#17465000
1!
0*
1+
16

#17470000
0!

#17475000
1!
06
07
19
1:

#17480000
0!

#17485000
1!
17
09
0:

#17490000
0!

#17495000
1!
b100000000000101010 #
1$
0(

#17495010
1/

#17500000
0!

#17505000
1!
b1000000010000000000110010 #
1$
1(
0/
00
12
13

#17510000
0!

#17515000
1!
b101001001010000011101010000010 #
1$
0%
0(
02
03
1=
1>

#17520000
0!

#17525000
1!
1%
10
0=
0>

#17530000
0!

#17535000
1!
b11101100010111010111100111010 #
1$
b100000000000101010 )
1*

#17540000
0!

#17545000
1!
b11001100000110100100000111011010 #
1$
0%
0*
1+

#17550000
0!

#17555000
1!

#17560000
0!

#17565000
1!

#17570000
0!

#17575000
1!

#17580000
0!

#17585000
1!

#17590000
0!

#17595000
1!

#17600000
0!

#17605000
1!

#17610000
0!

#17615000
1!

#17620000
0!

#17625000
1!

#17630000
0!

#17635000
1!

#17640000
0!

#17645000
1!

#17650000
0!

#17655000
1!

#17660000
0!

#17665000
1!

#17670000
0!

#17675000
1!

#17680000
0!

#17685000
1!

#17690000
0!

#17695000
1!

#17700000
0!

#17705000
1!

#17710000
0!

#17715000
1!

#17720000
0!

#17725000
1!

#17730000
0!

#17735000
1!

#17740000
0!

#17745000
1!

#17750000
0!

#17755000
1!

#17760000
0!

#17765000
1!

#17770000
0!

#17775000
1!

#17780000
0!

#17785000
1!

#17790000
0!

#17795000
1!

#17800000
0!

#17805000
1!

#17810000
0!

#17815000
1!

#17820000
0!

#17825000
1!

#17830000
0!

#17835000
1!

#17840000
0!

#17845000
1!

#17850000
0!

#17855000
1!

#17860000
0!

#17865000
1!

#17870000
0!

#17875000
1!

#17880000
0!

#17885000
1!

#17890000
0!

#17895000
1!
1%

#17900000
0!

#17905000
1!
b10111000011100111000110100000010 #
1$

#17910000
0!

#17915000
1!
b100011010010001011100010101 #
1$

#17920000
0!

#17925000
1!
b1110001000111101100101010110 #
1$

#17930000
0!

#17935000
1!
b1110011010100000010100010111010 #
1$

#17940000
0!

#17945000
1!
b101110110000000110001100000100 #
1$

#17950000
0!

#17955000
1!
b11100110000111001101001001110111 #
1$

#17960000
0!

#17965000
1!
b11010100100011100111001101111001 #
1$

#17970000
0!

#17975000
1!
b1111101011100001111001110101101 #
1$
b10011101001111001111111110 )
1*
0.

#17980000
0!

#17985000
1!
b1001001101101001110011001011111 #
1$
b11110011110001010010110110100100 )
1+

#17990000
0!

#17995000
1!
b11100110001001011011010001011011 #
1$
b11110110000111110000010001000 )
1+

#18000000
0!

#18005000
1!
b1010111110010101000111000111111 #
1$
b11111110100010100000011101010001 )
1+

#18010000
0!

#18015000
1!
b1010011000011001000111110100011 #
1$
b11010110111110001100101110010100 )
1+

#18020000
0!

#18025000
1!
b10101001100010010101100110100011 #
1$
b1101010001010001010011110001 )
1+

#18030000
0!

#18035000
1!
b1110110001110011000000111011111 #
1$
b11110010100010000000011011000001 )
1+

#18040000
0!

#18045000
1!
b10101010010000010010111110111 #
1$
b111101101001110000011001000110 )
1+

#18050000
0!

#18055000
1!
b1000001010111000001110000010000 #
1$
b1010111011100010110011010010 )
1+

#18060000
0!

#18065000
1!
b1000010011100000001011001010101 #
1$
b10010010011011101001111110 )
1+

#18070000
0!

#18075000
1!
b10000101111100001111010110111010 #
1$
b11010001111011100001000001000101 )
1+

#18080000
0!

#18085000
1!
b1000001001101011001000001011101 #
1$
b11101110011100110011100110001110 )
1+

#18090000
0!

#18095000
1!
b10011010000000011011000101000010 #
1$
b101111000111110001001001110001 )
1+

#18100000
0!

#18105000
1!
b10101000110100100011000111010000 #
1$
b11101100101000101100001001001000 )
1+

#18110000
0!

#18115000
1!
b11001111110110000110010000010111 #
1$
1(
b11001110001111101101101110000 )
1+

#18120000
0!

#18125000
1!
0$
b1111111111111111011111011010011 )
1+

#18130000
0!

#18135000
1!
b11011010000001111111000110100010 )
1+

#18140000
0!

#18145000
1!
b1111000011011101111010000001 )
1+

#18150000
0!

#18155000
1!
b111001000111110000010011111000 )
1+

#18160000
0!

#18165000
1!
b11000100001111000001101000 )
1+

#18170000
0!

#18175000
1!
b101111101100010000110111101110 )
1+

#18180000
0!

#18185000
1!
b10110110111010101110010001101000 )
1+

#18190000
0!

#18195000
1!
b10111011100101110100100110001 )
1+

#18200000
0!

#18205000
1!
b101101100111101101001001110100 )
1+

#18210000
0!

#18215000
1!
b11111110100011111101010100111000 )
1+
1.

#18220000
0!

#18225000
1!
0*
1+

#18230000
0!

#18235000
1!

#18240000
0!

#18245000
1!

#18250000
0!

#18255000
1!

#18260000
0!

#18265000
1!
b1100100000000000110010 )
1*
0.

#18270000
0!

#18275000
1!
b0 )
1+
1.

#18280000
0!

#18285000
1!
0*
1+
16

#18290000
0!

#18295000
1!
06
07
19
1:

#18300000
0!

#18305000
1!
17
09
0:

#18310000
0!

#18315000
1!
b100000000000101011 #
1$
0(

#18315010
1/

#18320000
0!

#18325000
1!
b10000000000011111 #
1$
1(
0/
00
12
13

#18330000
0!

#18335000
1!
b11101110111101001111101101110001 #
1$
0%
0(
02
03
1=
1>

#18340000
0!

#18345000
1!
1%
10
0=
0>

#18350000
0!

#18355000
1!
b11101110011001110001111110010 #
1$
b100000000000101011 )
1*

#18360000
0!

#18365000
1!
b10111110011010010101010101011010 #
1$
0%
0*
1+

#18370000
0!

#18375000
1!

#18380000
0!

#18385000
1!

#18390000
0!

#18395000
1!

#18400000
0!

#18405000
1!
1%

#18410000
0!

#18415000
1!
b111010010110011000101001001001 #
1$

#18420000
0!

#18425000
1!
b11110010111100110001100100111100 #
1$

#18430000
0!

#18435000
1!
b11010110001110110111100010100010 #
1$

#18440000
0!

#18445000
1!
b1011100001101111110111000010111 #
1$

#18450000
0!

#18455000
1!
b1111101110110011100110101000110 #
1$

#18460000
0!

#18465000
1!
b111011110011111101111101010111 #
1$

#18470000
0!

#18475000
1!
b1000111000011000001001100010111 #
1$

#18480000
0!

#18485000
1!
b10100111110010000110000110111010 #
1$
b11000111000000100100111101011000 )
1*
0.

#18490000
0!

#18495000
1!
b11101011001001000011101010110000 #
1$
b11000110001101000011001111000111 )
1+

#18500000
0!

#18505000
1!
b1000011111001011101011110101011 #
1$
b101001101001101111101000111001 )
1+

#18510000
0!

#18515000
1!
b10101010010001111110000111110001 #
1$
b11001011011011100010100001111110 )
1+

#18520000
0!

#18525000
1!
b1110010100001110010001010010001 #
1$
b10000010011110011100101101 )
1+

#18530000
0!

#18535000
1!
b10000011001000 #
1$
1(
b1000111110011001110100000000011 )
1+

#18540000
0!

#18545000
1!
0$
b11000011010101110001101100100000 )
1+

#18550000
0!

#18555000
1!
b11010010001001110011001100010111 )
1+

#18560000
0!

#18565000
1!
b110111001001000000110000100000 )
1+

#18570000
0!

#18575000
1!
b110100111100111100011101101000 )
1+

#18580000
0!

#18585000
1!
b1010001011010001100101110100101 )
1+

#18590000
0!

#18595000
1!
b11101011001011111110111111110101 )
1+

#18600000
0!

#18605000
1!
b10101101101011010001110110110101 )
1+

#18610000
0!

#18615000
1!
b10010100000110010110100001001 )
1+

#18620000
0!

#18625000
1!
b11101011110010001101011001010001 )
1+

#18630000
0!

#18635000
1!
b100100100001 )
1+
1.

#18640000
0!

#18645000
1!
0*
1+

#18650000
0!

#18655000
1!

#18660000
0!

#18665000
1!

#18670000
0!

#18675000
1!

#18680000
0!

#18685000
1!
b111110000000000011111 )
1*
0.

#18690000
0!

#18695000
1!
b0 )
1+
1.

#18700000
0!

#18705000
1!
0*
1+
16

#18710000
0!

#18715000
1!
06
07
19
1:

#18720000
0!

#18725000
1!
17
09
0:

#18730000
0!

#18735000
1!
b10000000000101100 #
1$
0(

#18735010
1/

#18740000
0!

#18745000
1!
b101 #
1$
1(
0/
00
12
13

#18750000
0!

#18755000
1!
b11011011110011011110111010100101 #
1$
0%
0(
02
03
1=
1>

#18760000
0!

#18765000
1!
1%
10
0=
0>

#18770000
0!

#18775000
1!
b111001101011110100111000010 #
1$
b10000000000101100 )
1*

#18780000
0!

#18785000
1!
b1110101001010100 #
1$
0%
1(
0*
1+

#18790000
0!

#18795000
1!

#18800000
0!

#18805000
1!
1%

#18810000
0!

#18815000
1!
0$

#18820000
0!

#18825000
1!

#18830000
0!

#18835000
1!

#18840000
0!

#18845000
1!

#18850000
0!

#18855000
1!

#18860000
0!

#18865000
1!

#18870000
0!

#18875000
1!

#18880000
0!

#18885000
1!

#18890000
0!

#18895000
1!

#18900000
0!

#18905000
1!

#18910000
0!

#18915000
1!

#18920000
0!

#18925000
1!

#18930000
0!

#18935000
1!

#18940000
0!

#18945000
1!

#18950000
0!

#18955000
1!

#18960000
0!

#18965000
1!

#18970000
0!

#18975000
1!

#18980000
0!

#18985000
1!

#18990000
0!

#18995000
1!

#19000000
0!

#19005000
1!

#19010000
0!

#19015000
1!

#19020000
0!

#19025000
1!

#19030000
0!

#19035000
1!

#19040000
0!

#19045000
1!

#19050000
0!

#19055000
1!

#19060000
0!

#19065000
1!

#19070000
0!

#19075000
1!

#19080000
0!

#19085000
1!

#19090000
0!

#19095000
1!

#19100000
0!

#19105000
1!

#19110000
0!

#19115000
1!

#19120000
0!

#19125000
1!

#19130000
0!

#19135000
1!

#19140000
0!

#19145000
1!

#19150000
0!

#19155000
1!

#19160000
0!

#19165000
1!

#19170000
0!

#19175000
1!

#19180000
0!

#19185000
1!

#19190000
0!

#19195000
1!

#19200000
0!

#19205000
1!
b101 )
1*
0.

#19210000
0!

#19215000
1!
b0 )
1+
1.

#19220000
0!

#19225000
1!
0*
1+
16

#19230000
0!

#19235000
1!
06
07
19
1:

#19240000
0!

#19245000
1!
17
09
0:

#19250000
0!

#19255000
1!
b100000000000101101 #
1$
0(

#19255010
1/

#19260000
0!

#19265000
1!
b10000000000101000 #
1$
1(
0/
00
12
13

#19270000
0!

#19275000
1!
b11011111100011000011111100111100 #
1$
0%
0(
02
03
1=
1>

#19280000
0!

#19285000
1!
1%
10
0=
0>

#19290000
0!

#19295000
1!
b100101110011111010000010010000 #
1$
b100000000000101101 )
1*

#19300000
0!

#19305000
1!
b1100011101110100100011010011111 #
1$
0%
0*
1+

#19310000
0!

#19315000
1!

#19320000
0!

#19325000
1!

#19330000
0!

#19335000
1!

#19340000
0!

#19345000
1!
1%

#19350000
0!

#19355000
1!
b1001110110101111010011000001001 #
1$

#19360000
0!

#19365000
1!
b1101110011110111001011000100011 #
1$

#19370000
0!

#19375000
1!
b10101001011101110000111010100101 #
1$

#19380000
0!

#19385000
1!
b1001111010100000100011111101110 #
1$

#19390000
0!

#19395000
1!
b11110010111010110001110111001010 #
1$

#19400000
0!

#19405000
1!
b1000011001011100001101101010010 #
1$

#19410000
0!

#19415000
1!
b10000010111001111001011110011111 #
1$

#19420000
0!

#19425000
1!
b1010110000001000001010000111101 #
1$
b11110010100001001111011101101101 )
1*
0.

#19430000
0!

#19435000
1!
b10000100111101100000001111001111 #
1$
b11111000100000000101100100001 )
1+

#19440000
0!

#19445000
1!
b11011000100011000001110101001 #
1$
b11011000000011111110111111001000 )
1+

#19450000
0!

#19455000
1!
b1000111111110100010000010101 #
1$
b11111011000000001111011000000011 )
1+

#19460000
0!

#19465000
1!
b11000010111110011011100000111001 #
1$
b11101011010011110000000101011001 )
1+

#19470000
0!

#19475000
1!
b10100011010101111111011010101100 #
1$
b11100001000101100000010011010110 )
1+

#19480000
0!

#19485000
1!
b10101000010100101111010011111111 #
1$
b11011110000011110010010001010010 )
1+

#19490000
0!

#19495000
1!
b111010111100100010111000100111 #
1$
b11111110010001011101000110101110 )
1+

#19500000
0!

#19505000
1!
b10110100000001110101110010110101 #
1$
b11100101101100001111001100011011 )
1+

#19510000
0!

#19515000
1!
b1010010110111000100011110101111 #
1$
1(
b100110100100001111000010100000 )
1+

#19520000
0!

#19525000
1!
0$
b11110011000110100011000111101110 )
1+

#19530000
0!

#19535000
1!
b10110111110111110111001000101 )
1+

#19540000
0!

#19545000
1!
b100110100001100011010001101001 )
1+

#19550000
0!

#19555000
1!
b11110100101001111111110100100110 )
1+

#19560000
0!

#19565000
1!
b11010010000110001000111101111 )
1+

#19570000
0!

#19575000
1!
b10100001111100001001111111010 )
1+

#19580000
0!

#19585000
1!
b101000111010010010011000001001 )
1+

#19590000
0!

#19595000
1!
b1001010000110001000011010000 )
1+

#19600000
0!

#19605000
1!
b11110111010010011101011110101011 )
1+

#19610000
0!

#19615000
1!
b11101000111011111111011100101001 )
1+
1.

#19620000
0!

#19625000
1!
0*
1+

#19630000
0!

#19635000
1!

#19640000
0!

#19645000
1!

#19650000
0!

#19655000
1!

#19660000
0!

#19665000
1!
b1010000000000000101000 )
1*
0.

#19670000
0!

#19675000
1!
b0 )
1+
1.

#19680000
0!

#19685000
1!
0*
1+
16

#19690000
0!

#19695000
1!
06
07
19
1:

#19700000
0!

#19705000
1!
17
09
0:

#19710000
0!

#19715000
1!
b10000000000101110 #
1$
0(

#19715010
1/

#19720000
0!

#19725000
1!
b10100 #
1$
1(
0/
00
12
13

#19730000
0!

#19735000
1!
b100100010100011110010100000001 #
1$
0%
0(
02
03
1=
1>

#19740000
0!

#19745000
1!
1%
10
0=
0>

#19750000
0!

#19755000
1!
b11101011111001001110011010010010 #
1$
b10000000000101110 )
1*

#19760000
0!

#19765000
1!
b11101100011111111100101001100 #
1$
0%
0*
1+

#19770000
0!

#19775000
1!

#19780000
0!

#19785000
1!
1%

#19790000
0!

#19795000
1!
b11100101101001111001101100010 #
1$

#19800000
0!

#19805000
1!
b111110010100001010010000100 #
1$

#19810000
0!

#19815000
1!
b11111111011111010000010001111100 #
1$

#19820000
0!

#19825000
1!
b11101101110010111111101101011010 #
1$

#19830000
0!

#19835000
1!
b11010110010011010000100111001001 #
1$

#19840000
0!

#19845000
1!
b11111011000001011111010011010111 #
1$

#19850000
0!

#19855000
1!
b100100101010010010000110010010 #
1$
1(

#19860000
0!

#19865000
1!
0$

#19870000
0!

#19875000
1!

#19880000
0!

#19885000
1!

#19890000
0!

#19895000
1!

#19900000
0!

#19905000
1!

#19910000
0!

#19915000
1!

#19920000
0!

#19925000
1!

#19930000
0!

#19935000
1!

#19940000
0!

#19945000
1!

#19950000
0!

#19955000
1!

#19960000
0!

#19965000
1!

#19970000
0!

#19975000
1!

#19980000
0!

#19985000
1!

#19990000
0!

#19995000
1!

#20000000
0!

#20005000
1!

#20010000
0!

#20015000
1!

#20020000
0!

#20025000
1!

#20030000
0!

#20035000
1!

#20040000
0!

#20045000
1!

#20050000
0!

#20055000
1!

#20060000
0!

#20065000
1!

#20070000
0!

#20075000
1!

#20080000
0!

#20085000
1!

#20090000
0!

#20095000
1!

#20100000
0!

#20105000
1!

#20110000
0!

#20115000
1!

#20120000
0!

#20125000
1!

#20130000
0!

#20135000
1!

#20140000
0!

#20145000
1!

#20150000
0!

#20155000
1!

#20160000
0!

#20165000
1!

#20170000
0!

#20175000
1!

#20180000
0!

#20185000
1!

#20190000
0!

#20195000
1!

#20200000
0!

#20205000
1!

#20210000
0!

#20215000
1!

#20220000
0!

#20225000
1!

#20230000
0!

#20235000
1!

#20240000
0!

#20245000
1!

#20250000
0!

#20255000
1!
b10100 )
1*
0.

#20260000
0!

#20265000
1!
b0 )
1+
1.

#20270000
0!

#20275000
1!
0*
1+
16

#20280000
0!

#20285000
1!
06
07
19
1:

#20290000
0!

#20295000
1!
17
09
0:

#20300000
0!

#20305000
1!
b100000000000101111 #
1$
0(

#20305010
1/

#20310000
0!

#20315000
1!
b10000000000101001 #
1$
1(
0/
00
12
13

#20320000
0!

#20325000
1!
b10101101110001100011111101100011 #
1$
0%
0(
02
03
1=
1>

#20330000
0!

#20335000
1!
1%
10
0=
0>

#20340000
0!

#20345000
1!
b1001001111011000100101111000111 #
1$
b100000000000101111 )
1*

#20350000
0!

#20355000
1!
b11011001100000111110111001001 #
1$
0%
0*
1+

#20360000
0!

#20365000
1!

#20370000
0!

#20375000
1!

#20380000
0!

#20385000
1!

#20390000
0!

#20395000
1!
1%

#20400000
0!

#20405000
1!
b11010000111100000010111111100110 #
1$

#20410000
0!

#20415000
1!
b100010010011011101101 #
1$

#20420000
0!

#20425000
1!
b10001111010000010100010000101001 #
1$

#20430000
0!

#20435000
1!
b10110110111000010000111111010 #
1$

#20440000
0!

#20445000
1!
b1111101101111110111010001111101 #
1$

#20450000
0!

#20455000
1!
b110011010101110100000011000 #
1$

#20460000
0!

#20465000
1!
b10001100011001001101111010001000 #
1$

#20470000
0!

#20475000
1!
b10010111111000111001010111110011 #
1$
b100011010101001111001010100010 )
1*
0.

#20480000
0!

#20485000
1!
b11101001111001000111000101100000 #
1$
b1100010010011100110000011000 )
1+

#20490000
0!

#20495000
1!
b11000110001000111001010011111000 #
1$
b10110010011111111010011111101 )
1+

#20500000
0!

#20505000
1!
b111111001011010110100100000010 #
1$
b100010010011011011101111001110 )
1+

#20510000
0!

#20515000
1!
b11011001001101011101101011000111 #
1$
b101000110111011101011101100011 )
1+

#20520000
0!

#20525000
1!
b11101011000100110111110111001011 #
1$
b1011001010111100000001010011101 )
1+

#20530000
0!

#20535000
1!
b101011111011001010000110100000 #
1$
b110001001001011101100100011010 )
1+

#20540000
0!

#20545000
1!
b100010110000001011110111101001 #
1$
b11101110011100000000001000101011 )
1+

#20550000
0!

#20555000
1!
b10001010111010100101001100001 #
1$
b11001100111101011111110001100010 )
1+

#20560000
0!

#20565000
1!
b11100010101011110001110100000 #
1$
b11100100001010101110001000001011 )
1+

#20570000
0!

#20575000
1!
b1111000011100010 #
1$
1(
b100110100011110000001010101110 )
1+

#20580000
0!

#20585000
1!
0$
b1111001100010010110101000000110 )
1+

#20590000
0!

#20595000
1!
b10110000001001110010100001010001 )
1+

#20600000
0!

#20605000
1!
b11010001111101101010100001010 )
1+

#20610000
0!

#20615000
1!
b10100100111001111101011010000010 )
1+

#20620000
0!

#20625000
1!
b1001001111001111000011001010101 )
1+

#20630000
0!

#20635000
1!
b11101101111010001100000011100 )
1+

#20640000
0!

#20645000
1!
b100110000010110111111111111111 )
1+

#20650000
0!

#20655000
1!
b11100100011010000010010110011111 )
1+

#20660000
0!

#20665000
1!
b10001100011010001101100111010000 )
1+

#20670000
0!

#20675000
1!
b11010000100101 )
1+
1.

#20680000
0!

#20685000
1!
0*
1+

#20690000
0!

#20695000
1!

#20700000
0!

#20705000
1!

#20710000
0!

#20715000
1!

#20720000
0!

#20725000
1!
b1010010000000000101001 )
1*
0.

#20730000
0!

#20735000
1!
b0 )
1+
1.

#20740000
0!

#20745000
1!
0*
1+
16

#20750000
0!

#20755000
1!
06
07
19
1:

#20760000
0!

#20765000
1!
17
09
0:

#20770000
0!

#20775000
1!
b110000000000110000 #
1$
0(

#20775010
1/

#20780000
0!

#20785000
1!
b0 #
1$
1(
0/
00
12
13

#20790000
0!

#20795000
1!
0$
0%
02
03
1=
1>

#20800000
0!

#20805000
1!
1%
10
0=
0>

#20810000
0!

#20815000
1!
b110000000000110000 )
1*

#20820000
0!

#20825000
1!
b10100 )
1+
0.

#20830000
0!

#20835000
1!
b101001 )
1+

#20840000
0!

#20845000
1!
b110000000000000001 )
1+
1.

#20850000
0!

#20855000
1!
0*
1+

#20860000
0!

#20865000
1!

#20870000
0!

#20875000
1!
b0 )
1*
0.

#20880000
0!

#20885000
1!
1+
1.

#20890000
0!

#20895000
1!
0*
1+
16

#20900000
0!

#20905000
1!
06
07
19
1:

#20910000
0!

#20915000
1!
17
09
0:

#20920000
0!

#20925000
1!
b100000000000110010 #
1$
0(

#20925010
1/

#20930000
0!

#20935000
1!
b10000000000100001 #
1$
1(
0/
00
12
13

#20940000
0!

#20945000
1!
b10110011011101000001101011111111 #
1$
0%
0(
02
03
1=
1>

#20950000
0!

#20955000
1!
1%
10
0=
0>

#20960000
0!

#20965000
1!
b10101000000000100100001011010000 #
1$
b100000000000110010 )
1*

#20970000
0!

#20975000
1!
b1011011110100001100100100101000 #
1$
0%
0*
1+

#20980000
0!

#20985000
1!

#20990000
0!

#20995000
1!

#21000000
0!

#21005000
1!

#21010000
0!

#21015000
1!
1%

#21020000
0!

#21025000
1!
b10111011111110000011110110100 #
1$

#21030000
0!

#21035000
1!
b1001001010001010011000001110101 #
1$

#21040000
0!

#21045000
1!
b11011101110110001001010011000011 #
1$

#21050000
0!

#21055000
1!
b11111100100101110011110000101110 #
1$

#21060000
0!

#21065000
1!
b1101010011100111111010101000100 #
1$

#21070000
0!

#21075000
1!
b1100111101111100111011101010010 #
1$

#21080000
0!

#21085000
1!
b11000011101111000110101100001 #
1$

#21090000
0!

#21095000
1!
b101110011100011010001000111101 #
1$
b11010001011000110000000000100011 )
1*
0.

#21100000
0!

#21105000
1!
b10010011001001111011111110111100 #
1$
b1110010011101111010010000110011 )
1+

#21110000
0!

#21115000
1!
b11011000000100110010011001110111 #
1$
b11101111110000000000000011001111 )
1+

#21120000
0!

#21125000
1!
b10001001110110110110111101100 #
1$
b10111011001100010101101100001 )
1+

#21130000
0!

#21135000
1!
b11110001001001001001100111100011 #
1$
b11010001100100011111001100101010 )
1+

#21140000
0!

#21145000
1!
b11001110101101000101010111100010 #
1$
b10011001000101010000011111000001 )
1+

#21150000
0!

#21155000
1!
b10101100111000 #
1$
1(
b1001100000010001111110011111101 )
1+

#21160000
0!

#21165000
1!
0$
b10111010110111000011111011101101 )
1+

#21170000
0!

#21175000
1!
b11110011001001000100101011011011 )
1+

#21180000
0!

#21185000
1!
b10111110110001111111111101000110 )
1+

#21190000
0!

#21195000
1!
b11100000001111010001100010110111 )
1+

#21200000
0!

#21205000
1!
b11011011000110001110110011000 )
1+

#21210000
0!

#21215000
1!
b110010100000000001111010011111 )
1+

#21220000
0!

#21225000
1!
b1100110110000010011000000001 )
1+

#21230000
0!

#21235000
1!
b10101000111111101101000000111111 )
1+

#21240000
0!

#21245000
1!
b111111011001101010100000100011 )
1+

#21250000
0!

#21255000
1!
b1000111111010111 )
1+
1.

#21260000
0!

#21265000
1!
0*
1+

#21270000
0!

#21275000
1!

#21280000
0!

#21285000
1!

#21290000
0!

#21295000
1!

#21300000
0!

#21305000
1!
b1000010000000000100001 )
1*
0.

#21310000
0!

#21315000
1!
b0 )
1+
1.

#21320000
0!

#21325000
1!
0*
1+
16

#21330000
0!

#21335000
1!
06
07
19
1:

#21340000
0!

#21345000
1!
17
09
0:

#21350000
0!

#21355000
1!
b100000000000110011 #
1$
0(

#21355010
1/

#21360000
0!

#21365000
1!
b1000000000000001100 #
1$
1(
0/
00
12
13

#21370000
0!

#21375000
1!
b11001011000101000011001111101011 #
1$
0%
0(
02
03
1=
1>

#21380000
0!

#21385000
1!
1%
10
0=
0>

#21390000
0!

#21395000
1!
b111110000100111011110001010101 #
1$
b100000000000110011 )
1*

#21400000
0!

#21405000
1!
b11100110111000000110100011111100 #
1$
0%
0*
1+

#21410000
0!

#21415000
1!

#21420000
0!

#21425000
1!

#21430000
0!

#21435000
1!

#21440000
0!

#21445000
1!
1%

#21450000
0!

#21455000
1!
b101001100001011010100000011 #
1$

#21460000
0!

#21465000
1!
b11000010101000011011111001000 #
1$

#21470000
0!

#21475000
1!
b10110010100000101111111010001100 #
1$
1(

#21480000
0!

#21485000
1!
0$

#21490000
0!

#21495000
1!

#21500000
0!

#21505000
1!

#21510000
0!

#21515000
1!

#21520000
0!

#21525000
1!

#21530000
0!

#21535000
1!

#21540000
0!

#21545000
1!

#21550000
0!

#21555000
1!
b10101111101010011010000101010 )
1*
0.

#21560000
0!

#21565000
1!
0*
1+

#21570000
0!

#21575000
1!
b1101010010101101 )
1*
1.

#21580000
0!

#21585000
1!
0*
1+

#21590000
0!

#21595000
1!

#21600000
0!

#21605000
1!

#21610000
0!

#21615000
1!

#21620000
0!

#21625000
1!
b110000000000001100 )
1*
0.

#21630000
0!

#21635000
1!
b0 )
1+
1.

#21640000
0!

#21645000
1!
0*
1+
16

#21650000
0!

#21655000
1!
06
07
19
1:

#21660000
0!

#21665000
1!
17
09
0:

#21670000
0!

#21675000
1!
b110000000000110100 #
1$
0(

#21675010
1/

#21680000
0!

#21685000
1!
b0 #
1$
1(
0/
00
12
13

#21690000
0!

#21695000
1!
0$
0%
02
03
1=
1>

#21700000
0!

#21705000
1!
1%
10
0=
0>

#21710000
0!

#21715000
1!
b110000000000110100 )
1*

#21720000
0!

#21725000
1!
b10100 )
1+
0.

#21730000
0!

#21735000
1!
b1010110 )
1+

#21740000
0!

#21745000
1!
b110000000000000001 )
1+
1.

#21750000
0!

#21755000
1!
0*
1+

#21760000
0!

#21765000
1!

#21770000
0!

#21775000
1!
b0 )
1*
0.

#21780000
0!

#21785000
1!
1+
1.

#21790000
0!

#21795000
1!
0*
1+
16

#21800000
0!

#21805000
1!
06
07
19
1:

#21810000
0!

#21815000
1!
17
09
0:

#21820000
0!

#21825000
1!
b100000000000111100 #
1$
0(

#21825010
1/

#21830000
0!

#21835000
1!
b10000000000001001 #
1$
1(
0/
00
12
13

#21840000
0!

#21845000
1!
b1111110011000011101110100110 #
1$
0%
0(
02
03
1=
1>

#21850000
0!

#21855000
1!
1%
10
0=
0>

#21860000
0!

#21865000
1!
b101001101000011110011111010011 #
1$
b100000000000111100 )
1*

#21870000
0!

#21875000
1!
b10101011001101111101101010001110 #
1$
0%
0*
1+

#21880000
0!

#21885000
1!

#21890000
0!

#21895000
1!

#21900000
0!

#21905000
1!

#21910000
0!

#21915000
1!
1%

#21920000
0!

#21925000
1!
b11000101001110010010010011110101 #
1$

#21930000
0!

#21935000
1!
b111011010010100 #
1$
1(

#21940000
0!

#21945000
1!
0$

#21950000
0!

#21955000
1!

#21960000
0!

#21965000
1!

#21970000
0!

#21975000
1!

#21980000
0!

#21985000
1!

#21990000
0!

#21995000
1!
b1101011100111110110111011111 )
1*
0.

#22000000
0!

#22005000
1!
b11101111011111001110000011010101 )
1+

#22010000
0!

#22015000
1!
b101011011001100001001000111010 )
1+

#22020000
0!

#22025000
1!
b1010010110101110110111110001 )
1+

#22030000
0!

#22035000
1!
b1100010110110100 )
1+
1.

#22040000
0!

#22045000
1!
0*
1+

#22050000
0!

#22055000
1!

#22060000
0!

#22065000
1!

#22070000
0!

#22075000
1!

#22080000
0!

#22085000
1!
b10010000000000001001 )
1*
0.

#22090000
0!

#22095000
1!
b0 )
1+
1.

#22100000
0!

#22105000
1!
0*
1+
16

#22110000
0!

#22115000
1!
06
07
19
1:

#22120000
0!

#22125000
1!
17
09
0:

#22130000
0!

#22135000
1!
b111101 #
1$
0(

#22135010
1/

#22140000
0!

#22145000
1!
b0 #
1$
1(
0/
00
12
13

#22150000
0!

#22155000
1!
0$
0%
02
03
1=
1>

#22160000
0!

#22165000
1!
1%
10
0=
0>

#22170000
0!

#22175000
1!
b111101 )
1*

#22180000
0!

#22185000
1!
0*
1+

#22190000
0!

#22195000
1!

#22200000
0!

#22205000
1!

#22210000
0!

#22215000
1!

#22220000
0!

#22225000
1!

#22230000
0!

#22235000
1!

#22240000
0!

#22245000
1!

#22250000
0!

#22255000
1!

#22260000
0!

#22265000
1!

#22270000
0!

#22275000
1!

#22280000
0!

#22285000
1!

#22290000
0!

#22295000
1!

#22300000
0!

#22305000
1!

#22310000
0!

#22315000
1!

#22320000
0!

#22325000
1!

#22330000
0!

#22335000
1!

#22340000
0!

#22345000
1!

#22350000
0!

#22355000
1!

#22360000
0!

#22365000
1!

#22370000
0!

#22375000
1!

#22380000
0!

#22385000
1!

#22390000
0!

#22395000
1!

#22400000
0!

#22405000
1!

#22410000
0!

#22415000
1!

#22420000
0!

#22425000
1!

#22430000
0!

#22435000
1!

#22440000
0!

#22445000
1!

#22450000
0!

#22455000
1!

#22460000
0!

#22465000
1!

#22470000
0!

#22475000
1!

#22480000
0!

#22485000
1!

#22490000
0!

#22495000
1!

#22500000
0!

#22505000
1!

#22510000
0!

#22515000
1!
b0 )
1*
0.

#22520000
0!

#22525000
1!
b1 )
1+
1.

#22530000
0!

#22535000
1!
0*
1+
16

#22540000
0!

#22545000
1!
06
07
19
1:

#22550000
0!

#22555000
1!
17
09
0:

#22560000
0!

#22565000
1!
b100000000000111110 #
1$
0(

#22565010
1/

#22570000
0!

#22575000
1!
b10000000000001001 #
1$
1(
0/
00
12
13

#22580000
0!

#22585000
1!
b110000010000101101001100001000 #
1$
0%
0(
02
03
1=
1>

#22590000
0!

#22595000
1!
1%
10
0=
0>

#22600000
0!

#22605000
1!
b10000100000111111011001000101000 #
1$
b100000000000111110 )
1*

#22610000
0!

#22615000
1!
b10000111111010010111110000011000 #
1$
0%
0*
1+

#22620000
0!

#22625000
1!

#22630000
0!

#22635000
1!

#22640000
0!

#22645000
1!

#22650000
0!

#22655000
1!
1%

#22660000
0!

#22665000
1!
b10110110100110111000000101111000 #
1$

#22670000
0!

#22675000
1!
b1001010000011011 #
1$
1(

#22680000
0!

#22685000
1!
0$

#22690000
0!

#22695000
1!

#22700000
0!

#22705000
1!

#22710000
0!

#22715000
1!

#22720000
0!

#22725000
1!

#22730000
0!

#22735000
1!
b11101001000100000000100101111100 )
1*
0.

#22740000
0!

#22745000
1!
b1100001010010011100001011 )
1+

#22750000
0!

#22755000
1!
b1010100011101111100110011101011 )
1+

#22760000
0!

#22765000
1!
b11010101100111010000011100010011 )
1+

#22770000
0!

#22775000
1!
b1011000011110 )
1+
1.

#22780000
0!

#22785000
1!
0*
1+

#22790000
0!

#22795000
1!

#22800000
0!

#22805000
1!

#22810000
0!

#22815000
1!

#22820000
0!

#22825000
1!
b10010000000000001001 )
1*
0.

#22830000
0!

#22835000
1!
b0 )
1+
1.

#22840000
0!

#22845000
1!
0*
1+
16

#22850000
0!

#22855000
1!
06
07
19
1:

#22860000
0!

#22865000
1!
17
09
0:

#22870000
0!

#22875000
1!
b1110000000000111111 #
1$
0(

#22875010
1/

#22880000
0!

#22885000
1!
b0 #
1$
1(
0/
00
12
13

#22890000
0!

#22895000
1!
0$
0%
02
03
1=
1>

#22900000
0!

#22905000
1!
1%
10
0=
0>

#22910000
0!

#22915000
1!
b1110000000000111111 )
1*

#22920000
0!

#22925000
1!
0*
1+

#22930000
0!

#22935000
1!

#22940000
0!

#22945000
1!

#22950000
0!

#22955000
1!

#22960000
0!

#22965000
1!

#22970000
0!

#22975000
1!

#22980000
0!

#22985000
1!

#22990000
0!

#22995000
1!

#23000000
0!

#23005000
1!

#23010000
0!

#23015000
1!

#23020000
0!

#23025000
1!

#23030000
0!

#23035000
1!

#23040000
0!

#23045000
1!

#23050000
0!

#23055000
1!

#23060000
0!

#23065000
1!

#23070000
0!

#23075000
1!

#23080000
0!

#23085000
1!

#23090000
0!

#23095000
1!

#23100000
0!

#23105000
1!

#23110000
0!

#23115000
1!

#23120000
0!

#23125000
1!

#23130000
0!

#23135000
1!

#23140000
0!

#23145000
1!

#23150000
0!

#23155000
1!

#23160000
0!

#23165000
1!

#23170000
0!

#23175000
1!

#23180000
0!

#23185000
1!

#23190000
0!

#23195000
1!

#23200000
0!

#23205000
1!

#23210000
0!

#23215000
1!

#23220000
0!

#23225000
1!

#23230000
0!

#23235000
1!

#23240000
0!

#23245000
1!

#23250000
0!

#23255000
1!
b0 )
1*
0.

#23260000
0!

#23265000
1!
b1 )
1+
1.

#23270000
0!

#23275000
1!
0*
1+
16

#23280000
0!

#23285000
1!
06
07
19
1:

#23290000
0!

#23295000
1!
17
09
0:

#23300000
0!

#23305000
1!
b111111110000000001000000 #
1$
0(

#23305010
1/

#23310000
0!

#23315000
1!
b0 #
1$
1(
0/
00
12
13

#23320000
0!

#23325000
1!
0$
0%
02
03
1=
1>

#23330000
0!

#23335000
1!
1%
10
0=
0>

#23340000
0!

#23345000
1!
b111111110000000001000000 )
1*

#23350000
0!

#23355000
1!
0*
1+

#23360000
0!

#23365000
1!

#23370000
0!

#23375000
1!

#23380000
0!

#23385000
1!

#23390000
0!

#23395000
1!

#23400000
0!

#23405000
1!

#23410000
0!

#23415000
1!

#23420000
0!

#23425000
1!

#23430000
0!

#23435000
1!

#23440000
0!

#23445000
1!

#23450000
0!

#23455000
1!

#23460000
0!

#23465000
1!

#23470000
0!

#23475000
1!

#23480000
0!

#23485000
1!

#23490000
0!

#23495000
1!

#23500000
0!

#23505000
1!

#23510000
0!

#23515000
1!

#23520000
0!

#23525000
1!

#23530000
0!

#23535000
1!

#23540000
0!

#23545000
1!

#23550000
0!

#23555000
1!

#23560000
0!

#23565000
1!

#23570000
0!

#23575000
1!

#23580000
0!

#23585000
1!

#23590000
0!

#23595000
1!

#23600000
0!

#23605000
1!

#23610000
0!

#23615000
1!

#23620000
0!

#23625000
1!

#23630000
0!

#23635000
1!

#23640000
0!

#23645000
1!

#23650000
0!

#23655000
1!

#23660000
0!

#23665000
1!

#23670000
0!

#23675000
1!

#23680000
0!

#23685000
1!
b0 )
1*
0.

#23690000
0!

#23695000
1!
b1 )
1+
1.

#23700000
0!

#23705000
1!
0*
1+
16

#23710000
0!

#23715000
1!
06
07
19
1:

#23720000
0!

#23725000
1!
17
09
0:

#23730000
0!

#23735000
1!
b110000000001000001 #
1$
0(

#23735010
1/

#23740000
0!

#23745000
1!
b0 #
1$
1(
0/
00
12
13

#23750000
0!

#23755000
1!
0$
0%
02
03
1=
1>

#23760000
0!

#23765000
1!
1%
10
0=
0>

#23770000
0!

#23775000
1!
b110000000001000001 )
1*

#23780000
0!

#23785000
1!
b10100 )
1+
0.

#23790000
0!

#23795000
1!
b1101000 )
1+

#23800000
0!

#23805000
1!
b10000000000000100 )
1+
1.

#23810000
0!

#23815000
1!
0*
1+

#23820000
0!

#23825000
1!

#23830000
0!

#23835000
1!
b0 )
1*
0.

#23840000
0!

#23845000
1!
1+
1.

#23850000
0!

#23855000
1!
0*
1+
16

#23860000
0!

#23865000
1!
06
07
19
1:

#23870000
0!

#23875000
1!
17
09
0:

#23880000
0!

#23885000
1!
b100000000001000010 #
1$
0(

#23885010
1/

#23890000
0!

#23895000
1!
b10000000000000101 #
1$
1(
0/
00
12
13

#23900000
0!

#23905000
1!
b1000001111010001101101001101111 #
1$
0%
0(
02
03
1=
1>

#23910000
0!

#23915000
1!
1%
10
0=
0>

#23920000
0!

#23925000
1!
b1111111011001111010100011010011 #
1$
b100000000001000010 )
1*

#23930000
0!

#23935000
1!
b111010000011000 #
1$
0%
1(
0*
1+

#23940000
0!

#23945000
1!

#23950000
0!

#23955000
1!

#23960000
0!

#23965000
1!

#23970000
0!

#23975000
1!
1%

#23980000
0!

#23985000
1!
0$

#23990000
0!

#23995000
1!

#24000000
0!

#24005000
1!

#24010000
0!

#24015000
1!

#24020000
0!

#24025000
1!

#24030000
0!

#24035000
1!

#24040000
0!

#24045000
1!

#24050000
0!

#24055000
1!
b11100111011100010000011111101100 )
1*
0.

#24060000
0!

#24065000
1!
b11000101001101000010110010001100 )
1+

#24070000
0!

#24075000
1!
b1010010011000 )
1+
1.

#24080000
0!

#24085000
1!
0*
1+

#24090000
0!

#24095000
1!

#24100000
0!

#24105000
1!

#24110000
0!

#24115000
1!

#24120000
0!

#24125000
1!
b1010000000000000101 )
1*
0.

#24130000
0!

#24135000
1!
b0 )
1+
1.

#24140000
0!

#24145000
1!
0*
1+
16

#24150000
0!

#24155000
1!
06
07
19
1:

#24160000
0!

#24165000
1!
17
09
0:

#24170000
0!

#24175000
1!
b10000000001000110 #
1$
0(

#24175010
1/

#24180000
0!

#24185000
1!
b0 #
1$
1(
0/
00
12
13

#24190000
0!

#24195000
1!
0$
0%
02
03
1=
1>

#24200000
0!

#24205000
1!
1%
10
0=
0>

#24210000
0!

#24215000
1!
b10000000001000110 )
1*

#24220000
0!

#24225000
1!
0*
1+

#24230000
0!

#24235000
1!

#24240000
0!

#24245000
1!

#24250000
0!

#24255000
1!

#24260000
0!

#24265000
1!

#24270000
0!

#24275000
1!

#24280000
0!

#24285000
1!

#24290000
0!

#24295000
1!

#24300000
0!

#24305000
1!

#24310000
0!

#24315000
1!

#24320000
0!

#24325000
1!

#24330000
0!

#24335000
1!

#24340000
0!

#24345000
1!

#24350000
0!

#24355000
1!

#24360000
0!

#24365000
1!

#24370000
0!

#24375000
1!

#24380000
0!

#24385000
1!

#24390000
0!

#24395000
1!

#24400000
0!

#24405000
1!

#24410000
0!

#24415000
1!

#24420000
0!

#24425000
1!

#24430000
0!

#24435000
1!

#24440000
0!

#24445000
1!

#24450000
0!

#24455000
1!

#24460000
0!

#24465000
1!

#24470000
0!

#24475000
1!

#24480000
0!

#24485000
1!

#24490000
0!

#24495000
1!

#24500000
0!

#24505000
1!

#24510000
0!

#24515000
1!

#24520000
0!

#24525000
1!

#24530000
0!

#24535000
1!

#24540000
0!

#24545000
1!

#24550000
0!

#24555000
1!

#24560000
0!

#24565000
1!
b0 )
1*
0.

#24570000
0!

#24575000
1!
b10 )
1+
1.

#24580000
0!

#24585000
1!
0*
1+
16

#24590000
0!

#24595000
1!
06
07
19
1:

#24600000
0!

#24605000
1!
17
09
0:

#24610000
0!

#24615000
1!
b100000000001000111 #
1$
0(

#24615010
1/

#24620000
0!

#24625000
1!
b10000000000001011 #
1$
1(
0/
00
12
13

#24630000
0!

#24635000
1!
b11000100000010101110010100000011 #
1$
0%
0(
02
03
1=
1>

#24640000
0!

#24645000
1!
1%
10
0=
0>

#24650000
0!

#24655000
1!
b11110101011010101001100111010110 #
1$
b100000000001000111 )
1*

#24660000
0!

#24665000
1!
b10100100000001000001000000010111 #
1$
0%
0*
1+

#24670000
0!

#24675000
1!

#24680000
0!

#24685000
1!

#24690000
0!

#24695000
1!

#24700000
0!

#24705000
1!
1%

#24710000
0!

#24715000
1!
b11001110000110100111011111011000 #
1$

#24720000
0!

#24725000
1!
b1011101110100001101001100001 #
1$

#24730000
0!

#24735000
1!
b11000001100011 #
1$
1(

#24740000
0!

#24745000
1!
0$

#24750000
0!

#24755000
1!

#24760000
0!

#24765000
1!

#24770000
0!

#24775000
1!

#24780000
0!

#24785000
1!
b100111111010000010110110001 )
1*
0.

#24790000
0!

#24795000
1!
b11110101011001100000100111100110 )
1+

#24800000
0!

#24805000
1!
b100111000001110001100010111100 )
1+

#24810000
0!

#24815000
1!
b100101000110001100010101000010 )
1+

#24820000
0!

#24825000
1!
b11100011100000111101011111101111 )
1+

#24830000
0!

#24835000
1!
b1100011101000110 )
1+
1.

#24840000
0!

#24845000
1!
0*
1+

#24850000
0!

#24855000
1!

#24860000
0!

#24865000
1!

#24870000
0!

#24875000
1!

#24880000
0!

#24885000
1!
b10110000000000001011 )
1*
0.

#24890000
0!

#24895000
1!
b0 )
1+
1.

#24900000
0!

#24905000
1!
0*
1+
16

#24910000
0!

#24915000
1!
06
07
19
1:

#24920000
0!

#24925000
1!
17
09
0:

#24930000
0!

#24935000
1!
b10000000001001000 #
1$
0(

#24935010
1/

#24940000
0!

#24945000
1!
b100001 #
1$
1(
0/
00
12
13

#24950000
0!

#24955000
1!
b100001100110001111100001011101 #
1$
0%
0(
02
03
1=
1>

#24960000
0!

#24965000
1!
1%
10
0=
0>

#24970000
0!

#24975000
1!
b1101110011001101100101110100 #
1$
b10000000001001000 )
1*

#24980000
0!

#24985000
1!
b11010001010010001011100111011 #
1$
0%
0*
1+

#24990000
0!

#24995000
1!
1%

#25000000
0!

#25005000
1!
b100111001100100010110000000110 #
1$

#25010000
0!

#25015000
1!
b11110100001001111110011100110100 #
1$

#25020000
0!

#25025000
1!
b11011010110111011110010111100101 #
1$

#25030000
0!

#25035000
1!
b100111100100010001011111101101 #
1$

#25040000
0!

#25045000
1!
b100101100001011111101110110100 #
1$

#25050000
0!

#25055000
1!
b11000010011011101010011101000 #
1$

#25060000
0!

#25065000
1!
b1100101011101101010110100011 #
1$

#25070000
0!

#25075000
1!
b11110110000101110010110100100001 #
1$

#25080000
0!

#25085000
1!
b11010010000110001010011110000 #
1$

#25090000
0!

#25095000
1!
b11111000011110000000000101101111 #
1$

#25100000
0!

#25105000
1!
b10011000101111101111111110011 #
1$

#25110000
0!

#25115000
1!
b11110100011001110010011001111000 #
1$

#25120000
0!

#25125000
1!
b11100001111000011111010001001100 #
1$

#25130000
0!

#25135000
1!
b1110111111100011 #
1$
1(

#25140000
0!

#25145000
1!
0$

#25150000
0!

#25155000
1!

#25160000
0!

#25165000
1!

#25170000
0!

#25175000
1!

#25180000
0!

#25185000
1!

#25190000
0!

#25195000
1!

#25200000
0!

#25205000
1!

#25210000
0!

#25215000
1!

#25220000
0!

#25225000
1!

#25230000
0!

#25235000
1!

#25240000
0!

#25245000
1!

#25250000
0!

#25255000
1!

#25260000
0!

#25265000
1!

#25270000
0!

#25275000
1!

#25280000
0!

#25285000
1!

#25290000
0!

#25295000
1!

#25300000
0!

#25305000
1!

#25310000
0!

#25315000
1!

#25320000
0!

#25325000
1!

#25330000
0!

#25335000
1!

#25340000
0!

#25345000
1!

#25350000
0!

#25355000
1!

#25360000
0!

#25365000
1!

#25370000
0!

#25375000
1!

#25380000
0!

#25385000
1!

#25390000
0!

#25395000
1!

#25400000
0!

#25405000
1!

#25410000
0!

#25415000
1!

#25420000
0!

#25425000
1!

#25430000
0!

#25435000
1!

#25440000
0!

#25445000
1!

#25450000
0!

#25455000
1!

#25460000
0!

#25465000
1!

#25470000
0!

#25475000
1!

#25480000
0!

#25485000
1!
b0 )
1*
0.

#25490000
0!

#25495000
1!
b10 )
1+
1.

#25500000
0!

#25505000
1!
0*
1+
16

#25510000
0!

#25515000
1!
06
07
19
1:

#25520000
0!

#25525000
1!
17
09
0:

#25530000
0!

#25535000
1!
b100000000001001001 #
1$
0(

#25535010
1/

#25540000
0!

#25545000
1!
b10000000000001011 #
1$
1(
0/
00
12
13

#25550000
0!

#25555000
1!
b1001010010000010010000000111111 #
1$
0%
0(
02
03
1=
1>

#25560000
0!

#25565000
1!
1%
10
0=
0>

#25570000
0!

#25575000
1!
b1010001011100110110111101100011 #
1$
b100000000001001001 )
1*

#25580000
0!

#25585000
1!
b10000100111011010000000111101111 #
1$
0%
0*
1+

#25590000
0!

#25595000
1!

#25600000
0!

#25605000
1!

#25610000
0!

#25615000
1!

#25620000
0!

#25625000
1!
1%

#25630000
0!

#25635000
1!
b1100110110101011000100100101 #
1$

#25640000
0!

#25645000
1!
b11011001110111000010000010000010 #
1$

#25650000
0!

#25655000
1!
b1010101110010 #
1$
1(

#25660000
0!

#25665000
1!
0$

#25670000
0!

#25675000
1!

#25680000
0!

#25685000
1!

#25690000
0!

#25695000
1!

#25700000
0!

#25705000
1!
b11111001011111011111100100110011 )
1*
0.

#25710000
0!

#25715000
1!
b11111010100110111111011100101011 )
1+

#25720000
0!

#25725000
1!
b11111100011000101111001100111000 )
1+

#25730000
0!

#25735000
1!
b10100011011111110100010101011 )
1+

#25740000
0!

#25745000
1!
b1000000110011110011110101010111 )
1+

#25750000
0!

#25755000
1!
b1111100101110110 )
1+
1.

#25760000
0!

#25765000
1!
0*
1+

#25770000
0!

#25775000
1!

#25780000
0!

#25785000
1!

#25790000
0!

#25795000
1!

#25800000
0!

#25805000
1!
b10110000000000001011 )
1*
0.

#25810000
0!

#25815000
1!
b0 )
1+
1.

#25820000
0!

#25825000
1!
0*
1+
16

#25830000
0!

#25835000
1!
06
07
19
1:

#25840000
0!

#25845000
1!
17
09
0:

#25850000
0!

#25855000
1!
b110000000001001010 #
1$
0(

#25855010
1/

#25860000
0!

#25865000
1!
b0 #
1$
1(
0/
00
12
13

#25870000
0!

#25875000
1!
0$
0%
02
03
1=
1>

#25880000
0!

#25885000
1!
1%
10
0=
0>

#25890000
0!

#25895000
1!
b110000000001001010 )
1*

#25900000
0!

#25905000
1!
b10100 )
1+
0.

#25910000
0!

#25915000
1!
b10000011 )
1+

#25920000
0!

#25925000
1!
b100000000000000110 )
1+
1.

#25930000
0!

#25935000
1!
0*
1+

#25940000
0!

#25945000
1!

#25950000
0!

#25955000
1!
b0 )
1*
0.

#25960000
0!

#25965000
1!
1+
1.

#25970000
0!

#25975000
1!
0*
1+
16

#25980000
0!

#25985000
1!
06
07
19
1:

#25990000
0!

#25995000
1!
17
09
0:

#26000000
0!

#26005000
1!
b100000000001010000 #
1$
0(

#26005010
1/

#26010000
0!

#26015000
1!
b110000000000001001 #
1$
1(
0/
00
12
13

#26020000
0!

#26025000
1!
b111110000000100111100001100100 #
1$
0%
0(
02
03
1=
1>

#26030000
0!

#26035000
1!
1%
10
0=
0>

#26040000
0!

#26045000
1!
b1111011010010101101000010000110 #
1$
b100000000001010000 )
1*

#26050000
0!

#26055000
1!
b10100100011100001100110011111000 #
1$
0%
0*
1+

#26060000
0!

#26065000
1!

#26070000
0!

#26075000
1!
1%

#26080000
0!

#26085000
1!
b111011100110000010100010001100 #
1$

#26090000
0!

#26095000
1!
b110011101011011 #
1$
1(

#26100000
0!

#26105000
1!
0$

#26110000
0!

#26115000
1!

#26120000
0!

#26125000
1!

#26130000
0!

#26135000
1!

#26140000
0!

#26145000
1!

#26150000
0!

#26155000
1!

#26160000
0!

#26165000
1!

#26170000
0!

#26175000
1!

#26180000
0!

#26185000
1!

#26190000
0!

#26195000
1!

#26200000
0!

#26205000
1!

#26210000
0!

#26215000
1!

#26220000
0!

#26225000
1!

#26230000
0!

#26235000
1!

#26240000
0!

#26245000
1!

#26250000
0!

#26255000
1!

#26260000
0!

#26265000
1!

#26270000
0!

#26275000
1!

#26280000
0!

#26285000
1!

#26290000
0!

#26295000
1!

#26300000
0!

#26305000
1!

#26310000
0!

#26315000
1!

#26320000
0!

#26325000
1!

#26330000
0!

#26335000
1!

#26340000
0!

#26345000
1!

#26350000
0!

#26355000
1!

#26360000
0!

#26365000
1!

#26370000
0!

#26375000
1!

#26380000
0!

#26385000
1!

#26390000
0!

#26395000
1!

#26400000
0!

#26405000
1!

#26410000
0!

#26415000
1!

#26420000
0!

#26425000
1!

#26430000
0!

#26435000
1!

#26440000
0!

#26445000
1!
b0 )
1*
0.

#26450000
0!

#26455000
1!
b100 )
1+
1.

#26460000
0!

#26465000
1!
0*
1+
16

#26470000
0!

#26475000
1!
06
07
19
1:

#26480000
0!

#26485000
1!
17
09
0:

#26490000
0!

#26495000
1!
b100000000001010001 #
1$
0(

#26495010
1/

#26500000
0!

#26505000
1!
b1000000000000001010 #
1$
1(
0/
00
12
13

#26510000
0!

#26515000
1!
b100100010111011001011100011011 #
1$
0%
0(
02
03
1=
1>

#26520000
0!

#26525000
1!
1%
10
0=
0>

#26530000
0!

#26535000
1!
b1111010100000111011011000011 #
1$
b100000000001010001 )
1*

#26540000
0!

#26545000
1!
b10011110111010110101110100100100 #
1$
0%
0*
1+

#26550000
0!

#26555000
1!

#26560000
0!

#26565000
1!
1%

#26570000
0!

#26575000
1!
b11000001110100001000001100011110 #
1$

#26580000
0!

#26585000
1!
b1001100100000000110100101001110 #
1$
1(

#26590000
0!

#26595000
1!
0$

#26600000
0!

#26605000
1!

#26610000
0!

#26615000
1!

#26620000
0!

#26625000
1!

#26630000
0!

#26635000
1!

#26640000
0!

#26645000
1!

#26650000
0!

#26655000
1!

#26660000
0!

#26665000
1!

#26670000
0!

#26675000
1!

#26680000
0!

#26685000
1!

#26690000
0!

#26695000
1!

#26700000
0!

#26705000
1!

#26710000
0!

#26715000
1!

#26720000
0!

#26725000
1!

#26730000
0!

#26735000
1!

#26740000
0!

#26745000
1!

#26750000
0!

#26755000
1!

#26760000
0!

#26765000
1!

#26770000
0!

#26775000
1!

#26780000
0!

#26785000
1!

#26790000
0!

#26795000
1!

#26800000
0!

#26805000
1!

#26810000
0!

#26815000
1!

#26820000
0!

#26825000
1!

#26830000
0!

#26835000
1!

#26840000
0!

#26845000
1!

#26850000
0!

#26855000
1!

#26860000
0!

#26865000
1!

#26870000
0!

#26875000
1!

#26880000
0!

#26885000
1!

#26890000
0!

#26895000
1!

#26900000
0!

#26905000
1!

#26910000
0!

#26915000
1!

#26920000
0!

#26925000
1!

#26930000
0!

#26935000
1!
b0 )
1*
0.

#26940000
0!

#26945000
1!
b100 )
1+
1.

#26950000
0!

#26955000
1!
0*
1+
16

#26960000
0!

#26965000
1!
06
07
19
1:

#26970000
0!

#26975000
1!
17
09
0:

#26980000
0!

#26985000
1!
b100000000001010010 #
1$
0(

#26985010
1/

#26990000
0!

#26995000
1!
b1000 #
1$
1(
0/
00
12
13

#27000000
0!

#27005000
1!
b10100010110101110011101111011100 #
1$
0%
0(
02
03
1=
1>

#27010000
0!

#27015000
1!
1%
10
0=
0>

#27020000
0!

#27025000
1!
b1110000101100110111000001010111 #
1$
b100000000001010010 )
1*

#27030000
0!

#27035000
1!
b1110010100001011110000000110110 #
1$
0%
0*
1+

#27040000
0!

#27045000
1!

#27050000
0!

#27055000
1!
1%

#27060000
0!

#27065000
1!
b100011100110001011111110101100 #
1$
1(

#27070000
0!

#27075000
1!
0$

#27080000
0!

#27085000
1!

#27090000
0!

#27095000
1!

#27100000
0!

#27105000
1!

#27110000
0!

#27115000
1!

#27120000
0!

#27125000
1!

#27130000
0!

#27135000
1!

#27140000
0!

#27145000
1!

#27150000
0!

#27155000
1!

#27160000
0!

#27165000
1!

#27170000
0!

#27175000
1!

#27180000
0!

#27185000
1!

#27190000
0!

#27195000
1!

#27200000
0!

#27205000
1!

#27210000
0!

#27215000
1!

#27220000
0!

#27225000
1!

#27230000
0!

#27235000
1!

#27240000
0!

#27245000
1!

#27250000
0!

#27255000
1!

#27260000
0!

#27265000
1!

#27270000
0!

#27275000
1!

#27280000
0!

#27285000
1!

#27290000
0!

#27295000
1!

#27300000
0!

#27305000
1!

#27310000
0!

#27315000
1!

#27320000
0!

#27325000
1!

#27330000
0!

#27335000
1!

#27340000
0!

#27345000
1!

#27350000
0!

#27355000
1!

#27360000
0!

#27365000
1!

#27370000
0!

#27375000
1!

#27380000
0!

#27385000
1!

#27390000
0!

#27395000
1!

#27400000
0!

#27405000
1!

#27410000
0!

#27415000
1!
b0 )
1*
0.

#27420000
0!

#27425000
1!
b100 )
1+
1.

#27430000
0!

#27435000
1!
0*
1+
16

#27440000
0!

#27445000
1!
06
07
19
1:

#27450000
0!

#27455000
1!
17
09
0:

#27460000
0!

#27465000
1!
b100000000001010011 #
1$
0(

#27465010
1/

#27470000
0!

#27475000
1!
b1000000000000001100 #
1$
1(
0/
00
12
13

#27480000
0!

#27485000
1!
b11001101010111100000000111101111 #
1$
0%
0(
02
03
1=
1>

#27490000
0!

#27495000
1!
1%
10
0=
0>

#27500000
0!

#27505000
1!
b1101100100100101011010000000110 #
1$
b100000000001010011 )
1*

#27510000
0!

#27515000
1!
b1001100001011110101100010010000 #
1$
0%
0*
1+

#27520000
0!

#27525000
1!

#27530000
0!

#27535000
1!

#27540000
0!

#27545000
1!

#27550000
0!

#27555000
1!
1%

#27560000
0!

#27565000
1!
b111100101010111101101001101011 #
1$

#27570000
0!

#27575000
1!
b10100100010000110111001111111111 #
1$

#27580000
0!

#27585000
1!
b11100010001110100011011110001 #
1$
1(

#27590000
0!

#27595000
1!
0$

#27600000
0!

#27605000
1!

#27610000
0!

#27615000
1!

#27620000
0!

#27625000
1!

#27630000
0!

#27635000
1!

#27640000
0!

#27645000
1!

#27650000
0!

#27655000
1!

#27660000
0!

#27665000
1!
b100011000100111111111110011000 )
1*
0.

#27670000
0!

#27675000
1!
0*
1+

#27680000
0!

#27685000
1!
b10100100000 )
1*
1.

#27690000
0!

#27695000
1!
0*
1+

#27700000
0!

#27705000
1!

#27710000
0!

#27715000
1!

#27720000
0!

#27725000
1!

#27730000
0!

#27735000
1!
b110000000000001100 )
1*
0.

#27740000
0!

#27745000
1!
b0 )
1+
1.

#27750000
0!

#27755000
1!
0*
1+
16

#27760000
0!

#27765000
1!
06
07
19
1:

#27770000
0!

#27775000
1!
17
09
0:

#27780000
0!

#27785000
1!
b110000000001010100 #
1$
0(

#27785010
1/

#27790000
0!

#27795000
1!
b0 #
1$
1(
0/
00
12
13

#27800000
0!

#27805000
1!
0$
0%
02
03
1=
1>

#27810000
0!

#27815000
1!
1%
10
0=
0>

#27820000
0!

#27825000
1!
b110000000001010100 )
1*

#27830000
0!

#27835000
1!
b10100 )
1+
0.

#27840000
0!

#27845000
1!
b10001111 )
1+

#27850000
0!

#27855000
1!
b1000000000000001001 )
1+
1.

#27860000
0!

#27865000
1!
0*
1+

#27870000
0!

#27875000
1!

#27880000
0!

#27885000
1!
b0 )
1*
0.

#27890000
0!

#27895000
1!
1+
1.

#27900000
0!

#27905000
1!
0*
1+
16

#27910000
0!

#27915000
1!
06
07
19
1:

#27920000
0!

#27925000
1!
17
09
0:

#27930000
0!

#27935000
1!
b100000000001011010 #
1$
0(

#27935010
1/

#27940000
0!

#27945000
1!
b10000000000010001 #
1$
1(
0/
00
12
13

#27950000
0!

#27955000
1!
b1010001001111011111101010011111 #
1$
0%
0(
02
03
1=
1>

#27960000
0!

#27965000
1!
1%
10
0=
0>

#27970000
0!

#27975000
1!
b10111011010110000001100111111001 #
1$
b100000000001011010 )
1*

#27980000
0!

#27985000
1!
b11000010001011010010110101100011 #
1$
0%
0*
1+

#27990000
0!

#27995000
1!

#28000000
0!

#28005000
1!

#28010000
0!

#28015000
1!

#28020000
0!

#28025000
1!
1%

#28030000
0!

#28035000
1!
b11110010100100001101110110101011 #
1$

#28040000
0!

#28045000
1!
b1001101101100100000000111100000 #
1$

#28050000
0!

#28055000
1!
b10011000101100111100000000110111 #
1$

#28060000
0!

#28065000
1!
b110011110001100010110111010011 #
1$

#28070000
0!

#28075000
1!
b10011100111011010001111011000 #
1$

#28080000
0!

#28085000
1!
b1111101111000011 #
1$
1(

#28090000
0!

#28095000
1!
0$

#28100000
0!

#28105000
1!
b101000010000011100001111001 )
1*
0.

#28110000
0!

#28115000
1!
b1000100101000000000001011011100 )
1+

#28120000
0!

#28125000
1!
b111011110000101100100011001011 )
1+

#28130000
0!

#28135000
1!
b11011100101011011111110001100001 )
1+

#28140000
0!

#28145000
1!
b100000010000101011011010001110 )
1+

#28150000
0!

#28155000
1!
b11101000000011010100001111100111 )
1+

#28160000
0!

#28165000
1!
b11111110011101011110111001110111 )
1+

#28170000
0!

#28175000
1!
b11000011110010000100101011111111 )
1+

#28180000
0!

#28185000
1!
b1111001111110100 )
1+
1.

#28190000
0!

#28195000
1!
0*
1+

#28200000
0!

#28205000
1!

#28210000
0!

#28215000
1!

#28220000
0!

#28225000
1!

#28230000
0!

#28235000
1!
b100010000000000010001 )
1*
0.

#28240000
0!

#28245000
1!
b0 )
1+
1.

#28250000
0!

#28255000
1!
0*
1+
16

#28260000
0!

#28265000
1!
06
07
19
1:

#28270000
0!

#28275000
1!
17
09
0:

#28280000
0!

#28285000
1!
b100000000001011011 #
1$
0(

#28285010
1/

#28290000
0!

#28295000
1!
b100000000000101000 #
1$
1(
0/
00
12
13

#28300000
0!

#28305000
1!
b10010100010010000011010110010101 #
1$
0%
0(
02
03
1=
1>

#28310000
0!

#28315000
1!
1%
10
0=
0>

#28320000
0!

#28325000
1!
b10011010000000001010011101111001 #
1$
b100000000001011011 )
1*

#28330000
0!

#28335000
1!
b101111001111010111011100011000 #
1$
0%
0*
1+

#28340000
0!

#28345000
1!

#28350000
0!

#28355000
1!

#28360000
0!

#28365000
1!

#28370000
0!

#28375000
1!
1%

#28380000
0!

#28385000
1!
b10000001010100011010011111001100 #
1$

#28390000
0!

#28395000
1!
b11111011010101100101001100001001 #
1$
1(

#28400000
0!

#28405000
1!
0$

#28410000
0!

#28415000
1!

#28420000
0!

#28425000
1!

#28430000
0!

#28435000
1!

#28440000
0!

#28445000
1!

#28450000
0!

#28455000
1!

#28460000
0!

#28465000
1!
b11010001110111110001000100000000 )
1*
0.

#28470000
0!

#28475000
1!
0*
1+

#28480000
0!

#28485000
1!
b1110100000111101100111101011 )
1*

#28490000
0!

#28495000
1!
b1010000100011000 )
1+
1.

#28500000
0!

#28505000
1!
0*
1+

#28510000
0!

#28515000
1!

#28520000
0!

#28525000
1!

#28530000
0!

#28535000
1!

#28540000
0!

#28545000
1!

#28550000
0!

#28555000
1!

#28560000
0!

#28565000
1!

#28570000
0!

#28575000
1!

#28580000
0!

#28585000
1!

#28590000
0!

#28595000
1!

#28600000
0!

#28605000
1!

#28610000
0!

#28615000
1!

#28620000
0!

#28625000
1!

#28630000
0!

#28635000
1!

#28640000
0!

#28645000
1!

#28650000
0!

#28655000
1!

#28660000
0!

#28665000
1!

#28670000
0!

#28675000
1!

#28680000
0!

#28685000
1!

#28690000
0!

#28695000
1!

#28700000
0!

#28705000
1!

#28710000
0!

#28715000
1!

#28720000
0!

#28725000
1!

#28730000
0!

#28735000
1!

#28740000
0!

#28745000
1!

#28750000
0!

#28755000
1!

#28760000
0!

#28765000
1!

#28770000
0!

#28775000
1!

#28780000
0!

#28785000
1!

#28790000
0!

#28795000
1!

#28800000
0!

#28805000
1!

#28810000
0!

#28815000
1!

#28820000
0!

#28825000
1!

#28830000
0!

#28835000
1!

#28840000
0!

#28845000
1!

#28850000
0!

#28855000
1!
b1010000000000001010 )
1*
0.

#28860000
0!

#28865000
1!
b101 )
1+
1.

#28870000
0!

#28875000
1!
0*
1+
16

#28880000
0!

#28885000
1!
06
07
19
1:

#28890000
0!

#28895000
1!
17
09
0:

#28900000
0!

#28905000
1!
b100000000001011100 #
1$
0(

#28905010
1/

#28910000
0!

#28915000
1!
b10000000000010001 #
1$
1(
0/
00
12
13

#28920000
0!

#28925000
1!
b10111110100111101011111011000010 #
1$
0%
0(
02
03
1=
1>

#28930000
0!

#28935000
1!
1%
10
0=
0>

#28940000
0!

#28945000
1!
b11001110110001011011010100110010 #
1$
b100000000001011100 )
1*

#28950000
0!

#28955000
1!
b10110111001000000010001100000100 #
1$
0%
0*
1+

#28960000
0!

#28965000
1!

#28970000
0!

#28975000
1!

#28980000
0!

#28985000
1!

#28990000
0!

#28995000
1!
1%

#29000000
0!

#29005000
1!
b100110000111101000011101001111 #
1$

#29010000
0!

#29015000
1!
b111110110001110111110101100011 #
1$

#29020000
0!

#29025000
1!
b11100110001100110011001101111101 #
1$

#29030000
0!

#29035000
1!
b100111101011111100010011100001 #
1$

#29040000
0!

#29045000
1!
b1000001001100000001101010111110 #
1$

#29050000
0!

#29055000
1!
b1000111000010100 #
1$
1(

#29060000
0!

#29065000
1!
0$

#29070000
0!

#29075000
1!
b11111011010001110000110111000011 )
1*
0.

#29080000
0!

#29085000
1!
b1100011001100000101000110000 )
1+

#29090000
0!

#29095000
1!
b100011001100100000011100110010 )
1+

#29100000
0!

#29105000
1!
b11000111110100000000000011001110 )
1+

#29110000
0!

#29115000
1!
b10011010000011111010011011001 )
1+

#29120000
0!

#29125000
1!
b11010110100100111011110011001101 )
1+

#29130000
0!

#29135000
1!
b11011111011010111111000101111001 )
1+

#29140000
0!

#29145000
1!
b110111001010110000111000010101 )
1+

#29150000
0!

#29155000
1!
b101001010011000 )
1+
1.

#29160000
0!

#29165000
1!
0*
1+

#29170000
0!

#29175000
1!

#29180000
0!

#29185000
1!

#29190000
0!

#29195000
1!

#29200000
0!

#29205000
1!
b100010000000000010001 )
1*
0.

#29210000
0!

#29215000
1!
b0 )
1+
1.

#29220000
0!

#29225000
1!
0*
1+
16

#29230000
0!

#29235000
1!
06
07
19
1:

#29240000
0!

#29245000
1!
17
09
0:

#29250000
0!

#29255000
1!
b10000000001011101 #
1$
0(

#29255010
1/

#29260000
0!

#29265000
1!
b10100 #
1$
1(
0/
00
12
13

#29270000
0!

#29275000
1!
b1111011100111110011101100100 #
1$
0%
0(
02
03
1=
1>

#29280000
0!

#29285000
1!
1%
10
0=
0>

#29290000
0!

#29295000
1!
b100000001100000010011010010110 #
1$
b10000000001011101 )
1*

#29300000
0!

#29305000
1!
b11100110110110001011100010010 #
1$
0%
1(
0*
1+

#29310000
0!

#29315000
1!

#29320000
0!

#29325000
1!
1%

#29330000
0!

#29335000
1!
0$

#29340000
0!

#29345000
1!

#29350000
0!

#29355000
1!

#29360000
0!

#29365000
1!

#29370000
0!

#29375000
1!

#29380000
0!

#29385000
1!

#29390000
0!

#29395000
1!

#29400000
0!

#29405000
1!

#29410000
0!

#29415000
1!

#29420000
0!

#29425000
1!

#29430000
0!

#29435000
1!

#29440000
0!

#29445000
1!

#29450000
0!

#29455000
1!

#29460000
0!

#29465000
1!

#29470000
0!

#29475000
1!

#29480000
0!

#29485000
1!

#29490000
0!

#29495000
1!

#29500000
0!

#29505000
1!

#29510000
0!

#29515000
1!

#29520000
0!

#29525000
1!

#29530000
0!

#29535000
1!

#29540000
0!

#29545000
1!

#29550000
0!

#29555000
1!

#29560000
0!

#29565000
1!

#29570000
0!

#29575000
1!

#29580000
0!

#29585000
1!

#29590000
0!

#29595000
1!

#29600000
0!

#29605000
1!

#29610000
0!

#29615000
1!

#29620000
0!

#29625000
1!

#29630000
0!

#29635000
1!

#29640000
0!

#29645000
1!

#29650000
0!

#29655000
1!

#29660000
0!

#29665000
1!

#29670000
0!

#29675000
1!

#29680000
0!

#29685000
1!

#29690000
0!

#29695000
1!

#29700000
0!

#29705000
1!
b110 )
1*
0.

#29710000
0!

#29715000
1!
b101 )
1+
1.

#29720000
0!

#29725000
1!
0*
1+
16

#29730000
0!

#29735000
1!
06
07
19
1:

#29740000
0!

#29745000
1!
17
09
0:

#29750000
0!

#29755000
1!
b100000000001011110 #
1$
0(

#29755010
1/

#29760000
0!

#29765000
1!
b10000000000010001 #
1$
1(
0/
00
12
13

#29770000
0!

#29775000
1!
b1000010011011010011110011010101 #
1$
0%
0(
02
03
1=
1>

#29780000
0!

#29785000
1!
1%
10
0=
0>

#29790000
0!

#29795000
1!
b1100001111111001011000101111011 #
1$
b100000000001011110 )
1*

#29800000
0!

#29805000
1!
b11110110001111111101010001010011 #
1$
0%
0*
1+

#29810000
0!

#29815000
1!

#29820000
0!

#29825000
1!

#29830000
0!

#29835000
1!

#29840000
0!

#29845000
1!
1%

#29850000
0!

#29855000
1!
b1111110101110110100001100101 #
1$

#29860000
0!

#29865000
1!
b10010011110111100101100000111101 #
1$

#29870000
0!

#29875000
1!
b1101100101010000101011111010101 #
1$

#29880000
0!

#29885000
1!
b1100100111110001010001100011110 #
1$

#29890000
0!

#29895000
1!
b10001110000001100000111000111111 #
1$

#29900000
0!

#29905000
1!
b11100111100101 #
1$
1(

#29910000
0!

#29915000
1!
0$

#29920000
0!

#29925000
1!
b11010000001111001100101100 )
1*
0.

#29930000
0!

#29935000
1!
b10111110010011100001011101010010 )
1+

#29940000
0!

#29945000
1!
b11111001000110110010011011111101 )
1+

#29950000
0!

#29955000
1!
b10010111010001110110111110100 )
1+

#29960000
0!

#29965000
1!
b101110011010001011111111010 )
1+

#29970000
0!

#29975000
1!
b100101000101001100011011101100 )
1+

#29980000
0!

#29985000
1!
b11010001010100010001111001000001 )
1+

#29990000
0!

#29995000
1!
b1000101001111110000010010010100 )
1+

#30000000
0!

#30005000
1!
b1010001101010000 )
1+
1.

#30010000
0!

#30015000
1!
0*
1+

#30020000
0!

#30025000
1!

#30030000
0!

#30035000
1!

#30040000
0!

#30045000
1!

#30050000
0!

#30055000
1!
b100010000000000010001 )
1*
0.

#30060000
0!

#30065000
1!
b0 )
1+
1.

#30070000
0!

#30075000
1!
0*
1+
16

#30080000
0!

#30085000
1!
06
07
19
1:

#30090000
0!

#30095000
1!
17
09
0:

#30100000
0!

#30105000
1!
b110000000001011111 #
1$
0(

#30105010
1/

#30110000
0!

#30115000
1!
b0 #
1$
1(
0/
00
12
13

#30120000
0!

#30125000
1!
0$
0%
02
03
1=
1>

#30130000
0!

#30135000
1!
1%
10
0=
0>

#30140000
0!

#30145000
1!
b110000000001011111 )
1*

#30150000
0!

#30155000
1!
b10100 )
1+
0.

#30160000
0!

#30165000
1!
b11001100 )
1+

#30170000
0!

#30175000
1!
b1010000000000001011 )
1+
1.

#30180000
0!

#30185000
1!
0*
1+

#30190000
0!

#30195000
1!

#30200000
0!

#30205000
1!
b0 )
1*
0.

#30210000
0!

#30215000
1!
1+
1.

#30220000
0!

#30225000
1!
0*
1+
16

#30230000
0!

#30235000
1!
06
07
19
1:

#30240000
0!

#30245000
1!
17
09
0:

#30250000
0!

#30255000
1!
b100000000001100100 #
1$
0(

#30255010
1/

#30260000
0!

#30265000
1!
b10000000000010101 #
1$
1(
0/
00
12
13

#30270000
0!

#30275000
1!
b10111100111100011101100111111011 #
1$
0%
0(
02
03
1=
1>

#30280000
0!

#30285000
1!
1%
10
0=
0>

#30290000
0!

#30295000
1!
b11001001100100010110010010010101 #
1$
b100000000001100100 )
1*

#30300000
0!

#30305000
1!
b11001110010010010001011000101110 #
1$
0%
0*
1+

#30310000
0!

#30315000
1!

#30320000
0!

#30325000
1!

#30330000
0!

#30335000
1!

#30340000
0!

#30345000
1!
1%

#30350000
0!

#30355000
1!
b1110110101101101000111010100 #
1$

#30360000
0!

#30365000
1!
b11101101111101101001101011 #
1$

#30370000
0!

#30375000
1!
b101110001000010101000101010 #
1$

#30380000
0!

#30385000
1!
b1010001011101010011000001110011 #
1$

#30390000
0!

#30395000
1!
b10011101100011011010010111011110 #
1$

#30400000
0!

#30405000
1!
b110110001001111111001001101110 #
1$

#30410000
0!

#30415000
1!
b11110011100110010101010110110010 #
1$

#30420000
0!

#30425000
1!
b101010101101010 #
1$
b111010111011100010111011000001 )
1*
0.

#30430000
0!

#30435000
1!
b1011010010110100101101001011010 #
1$
b110010100100001110111010111011 )
1+

#30440000
0!

#30445000
1!
1$
b1101010011110101010001011 )
1+

#30450000
0!

#30455000
1!
1$
0%
1(
b111110111001101010010001001101 )
1+

#30460000
0!

#30465000
1!
b11110000110001110000110100011010 )
1+

#30470000
0!

#30475000
1!
b11110011110010100000100001101110 )
1+

#30480000
0!

#30485000
1!
b1010001010110000110110001011 )
1+

#30490000
0!

#30495000
1!
b11111100101111110001010100111000 )
1+

#30500000
0!

#30505000
1!
b11110000110111001110110010110001 )
1+

#30510000
0!

#30515000
1!
b11101000100111000100010110111100 )
1+

#30520000
0!

#30525000
1!
b1111001011101011 )
1+
1.

#30530000
0!

#30535000
1!
0*
1+

#30540000
0!

#30545000
1!

#30550000
0!

#30555000
1!

#30560000
0!

#30565000
1!
1%

#30570000
0!

#30575000
1!
0$

#30580000
0!

#30585000
1!

#30590000
0!

#30595000
1!

#30600000
0!

#30605000
1!

#30610000
0!

#30615000
1!

#30620000
0!

#30625000
1!

#30630000
0!

#30635000
1!

#30640000
0!

#30645000
1!

#30650000
0!

#30655000
1!

#30660000
0!

#30665000
1!

#30670000
0!

#30675000
1!

#30680000
0!

#30685000
1!

#30690000
0!

#30695000
1!

#30700000
0!

#30705000
1!

#30710000
0!

#30715000
1!

#30720000
0!

#30725000
1!

#30730000
0!

#30735000
1!

#30740000
0!

#30745000
1!

#30750000
0!

#30755000
1!

#30760000
0!

#30765000
1!

#30770000
0!

#30775000
1!

#30780000
0!

#30785000
1!

#30790000
0!

#30795000
1!

#30800000
0!

#30805000
1!

#30810000
0!

#30815000
1!

#30820000
0!

#30825000
1!

#30830000
0!

#30835000
1!

#30840000
0!

#30845000
1!

#30850000
0!

#30855000
1!

#30860000
0!

#30865000
1!

#30870000
0!

#30875000
1!

#30880000
0!

#30885000
1!

#30890000
0!

#30895000
1!

#30900000
0!

#30905000
1!
b101010000000000010101 )
1*
0.

#30910000
0!

#30915000
1!
b110 )
1+
1.

#30920000
0!

#30925000
1!
0*
1+
16

#30930000
0!

#30935000
1!
06
07
19
1:

#30940000
0!

#30945000
1!
17
09
0:

#30950000
0!

#30955000
1!
b100000000001100101 #
1$
0(

#30955010
1/

#30960000
0!

#30965000
1!
b10000000000010101 #
1$
1(
0/
00
12
13

#30970000
0!

#30975000
1!
b110010111010001011000001001001 #
1$
0%
0(
02
03
1=
1>

#30980000
0!

#30985000
1!
1%
10
0=
0>

#30990000
0!

#30995000
1!
b1001110111100110010111010001100 #
1$
b100000000001100101 )
1*

#31000000
0!

#31005000
1!
b101111110010011000001000010111 #
1$
0%
0*
1+

#31010000
0!

#31015000
1!

#31020000
0!

#31025000
1!

#31030000
0!

#31035000
1!

#31040000
0!

#31045000
1!
1%

#31050000
0!

#31055000
1!
b1010110000110110000011101110100 #
1$

#31060000
0!

#31065000
1!
b11011011000001110101010111100010 #
1$

#31070000
0!

#31075000
1!
b10010010001100000001000001101101 #
1$

#31080000
0!

#31085000
1!
b10011000010101111001101010101100 #
1$

#31090000
0!

#31095000
1!
b10111111101000010001101001100 #
1$

#31100000
0!

#31105000
1!
b10000011001101010110101100100111 #
1$

#31110000
0!

#31115000
1!
b1010111010011010101011100111110 #
1$

#31120000
0!

#31125000
1!
b1010011110000100 #
1$
1(
b11011110101001100001000011010000 )
1*
0.

#31130000
0!

#31135000
1!
0$
b11111110111101110001010001110111 )
1+

#31140000
0!

#31145000
1!
b10100110001000000010001111100010 )
1+

#31150000
0!

#31155000
1!
b11101001111101110010100111000110 )
1+

#31160000
0!

#31165000
1!
b11110100010001100001000000110100 )
1+

#31170000
0!

#31175000
1!
b11100001110000001111111011 )
1+

#31180000
0!

#31185000
1!
b100111010111100000011100010011 )
1+

#31190000
0!

#31195000
1!
b1101110101110101111001001010011 )
1+

#31200000
0!

#31205000
1!
b110010111100111110000111011010 )
1+

#31210000
0!

#31215000
1!
b1100110000111000000000000000 )
1+

#31220000
0!

#31225000
1!
b100001000 )
1+
1.

#31230000
0!

#31235000
1!
0*
1+

#31240000
0!

#31245000
1!

#31250000
0!

#31255000
1!

#31260000
0!

#31265000
1!

#31270000
0!

#31275000
1!
b101010000000000010101 )
1*
0.

#31280000
0!

#31285000
1!
b0 )
1+
1.

#31290000
0!

#31295000
1!
0*
1+
16

#31300000
0!

#31305000
1!
06
07
19
1:

#31310000
0!

#31315000
1!
17
09
0:

#31320000
0!

#31325000
1!
b10000000001100110 #
1$
0(

#31325010
1/

#31330000
0!

#31335000
1!
b110 #
1$
1(
0/
00
12
13

#31340000
0!

#31345000
1!
b11110001000111110001011101011 #
1$
0%
0(
02
03
1=
1>

#31350000
0!

#31355000
1!
1%
10
0=
0>

#31360000
0!

#31365000
1!
b11110000000110001110110110100 #
1$
b10000000001100110 )
1*

#31370000
0!

#31375000
1!
b11100110111001111001001111001 #
1$
0%
0*
1+

#31380000
0!

#31385000
1!

#31390000
0!

#31395000
1!
1%

#31400000
0!

#31405000
1!
b1011010010110100101101001011010 #
1$

#31410000
0!

#31415000
1!
1$
1(

#31420000
0!

#31425000
1!
0$
0%

#31430000
0!

#31435000
1!

#31440000
0!

#31445000
1!

#31450000
0!

#31455000
1!
1%

#31460000
0!

#31465000
1!

#31470000
0!

#31475000
1!

#31480000
0!

#31485000
1!

#31490000
0!

#31495000
1!

#31500000
0!

#31505000
1!

#31510000
0!

#31515000
1!

#31520000
0!

#31525000
1!

#31530000
0!

#31535000
1!

#31540000
0!

#31545000
1!

#31550000
0!

#31555000
1!

#31560000
0!

#31565000
1!

#31570000
0!

#31575000
1!

#31580000
0!

#31585000
1!

#31590000
0!

#31595000
1!

#31600000
0!

#31605000
1!

#31610000
0!

#31615000
1!

#31620000
0!

#31625000
1!

#31630000
0!

#31635000
1!

#31640000
0!

#31645000
1!

#31650000
0!

#31655000
1!

#31660000
0!

#31665000
1!

#31670000
0!

#31675000
1!

#31680000
0!

#31685000
1!

#31690000
0!

#31695000
1!

#31700000
0!

#31705000
1!

#31710000
0!

#31715000
1!

#31720000
0!

#31725000
1!

#31730000
0!

#31735000
1!

#31740000
0!

#31745000
1!

#31750000
0!

#31755000
1!

#31760000
0!

#31765000
1!

#31770000
0!

#31775000
1!

#31780000
0!

#31785000
1!

#31790000
0!

#31795000
1!
b110 )
1*
0.

#31800000
0!

#31805000
1!
1+
1.

#31810000
0!

#31815000
1!
0*
1+
16

#31820000
0!

#31825000
1!
06
07
19
1:

#31830000
0!

#31835000
1!
17
09
0:

#31840000
0!

#31845000
1!
b100000000001100111 #
1$
0(

#31845010
1/

#31850000
0!

#31855000
1!
b10000000000001001 #
1$
1(
0/
00
12
13

#31860000
0!

#31865000
1!
b1111111110110001001101101001010 #
1$
0%
0(
02
03
1=
1>

#31870000
0!

#31875000
1!
1%
10
0=
0>

#31880000
0!

#31885000
1!
b10101100001001001101111010101010 #
1$
b100000000001100111 )
1*

#31890000
0!

#31895000
1!
b111111101100011000001001010011 #
1$
0%
0*
1+

#31900000
0!

#31905000
1!

#31910000
0!

#31915000
1!

#31920000
0!

#31925000
1!

#31930000
0!

#31935000
1!
1%

#31940000
0!

#31945000
1!
b10000001110110111011001101101011 #
1$

#31950000
0!

#31955000
1!
b1010010101110100 #
1$
1(

#31960000
0!

#31965000
1!
0$

#31970000
0!

#31975000
1!

#31980000
0!

#31985000
1!

#31990000
0!

#31995000
1!

#32000000
0!

#32005000
1!

#32010000
0!

#32015000
1!
b11001000011101110001010100111110 )
1*
0.

#32020000
0!

#32025000
1!
b11111110101001110011111101010000 )
1+

#32030000
0!

#32035000
1!
b11000110110110111111101010000110 )
1+

#32040000
0!

#32045000
1!
b11100101011110100111000110001111 )
1+

#32050000
0!

#32055000
1!
b1111011110001011 )
1+
1.

#32060000
0!

#32065000
1!
0*
1+

#32070000
0!

#32075000
1!

#32080000
0!

#32085000
1!

#32090000
0!

#32095000
1!

#32100000
0!

#32105000
1!
b10010000000000001001 )
1*
0.

#32110000
0!

#32115000
1!
b0 )
1+
1.

#32120000
0!

#32125000
1!
0*
1+
16

#32130000
0!

#32135000
1!
06
07
19
1:

#32140000
0!

#32145000
1!
17
09
0:

#32150000
0!

#32155000
1!
b110000000001101000 #
1$
0(

#32155010
1/

#32160000
0!

#32165000
1!
b0 #
1$
1(
0/
00
12
13

#32170000
0!

#32175000
1!
0$
0%
02
03
1=
1>

#32180000
0!

#32185000
1!
1%
10
0=
0>

#32190000
0!

#32195000
1!
b110000000001101000 )
1*

#32200000
0!

#32205000
1!
b10100 )
1+
0.

#32210000
0!

#32215000
1!
b11111111 )
1+

#32220000
0!

#32225000
1!
b1100000000000001101 )
1+
1.

#32230000
0!

#32235000
1!
0*
1+

#32240000
0!

#32245000
1!

#32250000
0!

#32255000
1!
b0 )
1*
0.

#32260000
0!

#32265000
1!
1+
1.

#32270000
0!

#32275000
1!
0*
1+
16

#32280000
0!

#32285000
1!
06
07
19
1:

#32290000
0!

#32295000
1!
17
09
0:

#32300000
0!

#32305000
1!
b10000000001101110 #
1$
0(

#32305010
1/

#32310000
0!

#32315000
1!
b1 #
1$
1(
0/
00
12
13

#32320000
0!

#32325000
1!
b101101010000010 #
1$
0%
02
03
1=
1>

#32330000
0!

#32335000
1!
1%
10
0=
0>

#32340000
0!

#32345000
1!
0$
b10000000001101110 )
1*

#32350000
0!

#32355000
1!
0*
1+

#32360000
0!

#32365000
1!

#32370000
0!

#32375000
1!

#32380000
0!

#32385000
1!

#32390000
0!

#32395000
1!

#32400000
0!

#32405000
1!

#32410000
0!

#32415000
1!

#32420000
0!

#32425000
1!

#32430000
0!

#32435000
1!

#32440000
0!

#32445000
1!

#32450000
0!

#32455000
1!

#32460000
0!

#32465000
1!

#32470000
0!

#32475000
1!

#32480000
0!

#32485000
1!

#32490000
0!

#32495000
1!

#32500000
0!

#32505000
1!

#32510000
0!

#32515000
1!

#32520000
0!

#32525000
1!

#32530000
0!

#32535000
1!

#32540000
0!

#32545000
1!

#32550000
0!

#32555000
1!

#32560000
0!

#32565000
1!

#32570000
0!

#32575000
1!

#32580000
0!

#32585000
1!

#32590000
0!

#32595000
1!

#32600000
0!

#32605000
1!

#32610000
0!

#32615000
1!

#32620000
0!

#32625000
1!

#32630000
0!

#32635000
1!

#32640000
0!

#32645000
1!

#32650000
0!

#32655000
1!

#32660000
0!

#32665000
1!

#32670000
0!

#32675000
1!

#32680000
0!

#32685000
1!

#32690000
0!

#32695000
1!

#32700000
0!

#32705000
1!

#32710000
0!

#32715000
1!

#32720000
0!

#32725000
1!

#32730000
0!

#32735000
1!

#32740000
0!

#32745000
1!

#32750000
0!

#32755000
1!
b1 )
1*
0.

#32760000
0!

#32765000
1!
b0 )
1+
1.

#32770000
0!

#32775000
1!
0*
1+
16

#32780000
0!

#32785000
1!
06
07
19
1:

#32790000
0!

#32795000
1!
17
09
0:

#32800000
0!

#32805000
1!
b100000000001101111 #
1$
0(

#32805010
1/

#32810000
0!

#32815000
1!
b10000000000010100 #
1$
1(
0/
00
12
13

#32820000
0!

#32825000
1!
b1111001110001001111000000101101 #
1$
0%
0(
02
03
1=
1>

#32830000
0!

#32835000
1!
1%
10
0=
0>

#32840000
0!

#32845000
1!
b11101110111001000001011010011011 #
1$
b100000000001101111 )
1*

#32850000
0!

#32855000
1!
b1100100000000000101011101001 #
1$
0%
0*
1+

#32860000
0!

#32865000
1!

#32870000
0!

#32875000
1!

#32880000
0!

#32885000
1!

#32890000
0!

#32895000
1!
1%

#32900000
0!

#32905000
1!
b10001110010101111010101000100111 #
1$

#32910000
0!

#32915000
1!
b10001111001000011010100000011111 #
1$

#32920000
0!

#32925000
1!
b11001111110000011101100110000 #
1$

#32930000
0!

#32935000
1!
b11010110011111010011110011111001 #
1$

#32940000
0!

#32945000
1!
b11001011111110010000001000110101 #
1$

#32950000
0!

#32955000
1!
b10101001110010110001111111011101 #
1$

#32960000
0!

#32965000
1!
b1000010000111001001000110001000 #
1$
1(

#32970000
0!

#32975000
1!
0$
b1010110000110011111010011010000 )
1*
0.

#32980000
0!

#32985000
1!
b11110011111001110000111111111100 )
1+

#32990000
0!

#32995000
1!
b1000110101110000011110110111 )
1+

#33000000
0!

#33005000
1!
b10101111101000101100001101001100 )
1+

#33010000
0!

#33015000
1!
b10110000001100011100000111011101 )
1+

#33020000
0!

#33025000
1!
b10010010111010010100111011010 )
1+

#33030000
0!

#33035000
1!
b11100010101001100010101100011101 )
1+

#33040000
0!

#33045000
1!
b11011011001101100000000110010000 )
1+

#33050000
0!

#33055000
1!
b11000011000010110001011010001000 )
1+

#33060000
0!

#33065000
1!
b101110101111111011000111100011 )
1+
1.

#33070000
0!

#33075000
1!
0*
1+

#33080000
0!

#33085000
1!

#33090000
0!

#33095000
1!

#33100000
0!

#33105000
1!

#33110000
0!

#33115000
1!
b101000000000000010100 )
1*
0.

#33120000
0!

#33125000
1!
b0 )
1+
1.

#33130000
0!

#33135000
1!
0*
1+
16

#33140000
0!

#33145000
1!
06
07
19
1:

#33150000
0!

#33155000
1!
17
09
0:

#33160000
0!

#33165000
1!
b10000000001110000 #
1$
0(

#33165010
1/

#33170000
0!

#33175000
1!
b100000 #
1$
1(
0/
00
12
13

#33180000
0!

#33185000
1!
b101001011100101110010011001110 #
1$
0%
0(
02
03
1=
1>

#33190000
0!

#33195000
1!
1%
10
0=
0>

#33200000
0!

#33205000
1!
b11110011101101001110101111001001 #
1$
b10000000001110000 )
1*

#33210000
0!

#33215000
1!
b11110100011001010001100100001101 #
1$
0%
0*
1+

#33220000
0!

#33225000
1!

#33230000
0!

#33235000
1!
1%

#33240000
0!

#33245000
1!
b11101100100001011110010001100010 #
1$

#33250000
0!

#33255000
1!
b11100001100001110001100111101101 #
1$

#33260000
0!

#33265000
1!
b11101110100110111111110000110011 #
1$

#33270000
0!

#33275000
1!
b11110001010001111011010001100 #
1$

#33280000
0!

#33285000
1!
b11011000111100000000110010110110 #
1$

#33290000
0!

#33295000
1!
b11101111110000001001001011110 #
1$

#33300000
0!

#33305000
1!
b11010110010010010000111000010011 #
1$

#33310000
0!

#33315000
1!
b11100010010000000100000011 #
1$

#33320000
0!

#33325000
1!
b11000111111001101001111110001 #
1$

#33330000
0!

#33335000
1!
b11110000111011111101111011100101 #
1$

#33340000
0!

#33345000
1!
b100011010001101110111100001101 #
1$

#33350000
0!

#33355000
1!
b11000100110010010100110011001 #
1$

#33360000
0!

#33365000
1!
b1101001110101111001001101001 #
1$
1(

#33370000
0!

#33375000
1!
0$

#33380000
0!

#33385000
1!

#33390000
0!

#33395000
1!

#33400000
0!

#33405000
1!

#33410000
0!

#33415000
1!

#33420000
0!

#33425000
1!

#33430000
0!

#33435000
1!

#33440000
0!

#33445000
1!

#33450000
0!

#33455000
1!

#33460000
0!

#33465000
1!

#33470000
0!

#33475000
1!

#33480000
0!

#33485000
1!

#33490000
0!

#33495000
1!

#33500000
0!

#33505000
1!

#33510000
0!

#33515000
1!

#33520000
0!

#33525000
1!

#33530000
0!

#33535000
1!

#33540000
0!

#33545000
1!

#33550000
0!

#33555000
1!

#33560000
0!

#33565000
1!

#33570000
0!

#33575000
1!

#33580000
0!

#33585000
1!

#33590000
0!

#33595000
1!

#33600000
0!

#33605000
1!

#33610000
0!

#33615000
1!

#33620000
0!

#33625000
1!

#33630000
0!

#33635000
1!

#33640000
0!

#33645000
1!

#33650000
0!

#33655000
1!

#33660000
0!

#33665000
1!

#33670000
0!

#33675000
1!

#33680000
0!

#33685000
1!

#33690000
0!

#33695000
1!

#33700000
0!

#33705000
1!

#33710000
0!

#33715000
1!

#33720000
0!

#33725000
1!

#33730000
0!

#33735000
1!

#33740000
0!

#33745000
1!

#33750000
0!

#33755000
1!

#33760000
0!

#33765000
1!
b100000 )
1*
0.

#33770000
0!

#33775000
1!
b0 )
1+
1.

#33780000
0!

#33785000
1!
0*
1+
16

#33790000
0!

#33795000
1!
06
07
19
1:

#33800000
0!

#33805000
1!
17
09
0:

#33810000
0!

#33815000
1!
b100000000001110001 #
1$
0(

#33815010
1/

#33820000
0!

#33825000
1!
b10000000000000001 #
1$
1(
0/
00
12
13

#33830000
0!

#33835000
1!
b10011001110000 #
1$
0%
02
03
1=
1>

#33840000
0!

#33845000
1!
1%
10
0=
0>

#33850000
0!

#33855000
1!
0$
b100000000001110001 )
1*

#33860000
0!

#33865000
1!
0*
1+

#33870000
0!

#33875000
1!

#33880000
0!

#33885000
1!

#33890000
0!

#33895000
1!

#33900000
0!

#33905000
1!

#33910000
0!

#33915000
1!

#33920000
0!

#33925000
1!

#33930000
0!

#33935000
1!

#33940000
0!

#33945000
1!

#33950000
0!

#33955000
1!

#33960000
0!

#33965000
1!

#33970000
0!

#33975000
1!

#33980000
0!

#33985000
1!
b1111011111010101 )
1*

#33990000
0!

#33995000
1!
0*
1+

#34000000
0!

#34005000
1!

#34010000
0!

#34015000
1!

#34020000
0!

#34025000
1!

#34030000
0!

#34035000
1!
b10000000000000001 )
1*
0.

#34040000
0!

#34045000
1!
b0 )
1+
1.

#34050000
0!

#34055000
1!
0*
1+
16

#34060000
0!

#34065000
1!
06
07
19
1:

#34070000
0!

#34075000
1!
17
09
0:

#34080000
0!

#34085000
1!
b100000000001110010 #
1$
0(

#34085010
1/

#34090000
0!

#34095000
1!
b100000000000000010 #
1$
1(
0/
00
12
13

#34100000
0!

#34105000
1!
b11000001100111001101110000010000 #
1$
0%
02
03
1=
1>

#34110000
0!

#34115000
1!
1%
10
0=
0>

#34120000
0!

#34125000
1!
0$
b100000000001110010 )
1*

#34130000
0!

#34135000
1!
0*
1+

#34140000
0!

#34145000
1!

#34150000
0!

#34155000
1!

#34160000
0!

#34165000
1!

#34170000
0!

#34175000
1!

#34180000
0!

#34185000
1!

#34190000
0!

#34195000
1!

#34200000
0!

#34205000
1!

#34210000
0!

#34215000
1!

#34220000
0!

#34225000
1!

#34230000
0!

#34235000
1!

#34240000
0!

#34245000
1!

#34250000
0!

#34255000
1!
b1010000010101 )
1*

#34260000
0!

#34265000
1!
0*
1+

#34270000
0!

#34275000
1!

#34280000
0!

#34285000
1!

#34290000
0!

#34295000
1!

#34300000
0!

#34305000
1!
b10000000000000010 )
1*
0.

#34310000
0!

#34315000
1!
b0 )
1+
1.

#34320000
0!

#34325000
1!
0*
1+
16

#34330000
0!

#34335000
1!
06
07
19
1:

#34340000
0!

#34345000
1!
17
09
0:

#34350000
0!

#34355000
1!
b100000000001110011 #
1$
0(

#34355010
1/

#34360000
0!

#34365000
1!
b1000000000000000100 #
1$
1(
0/
00
12
13

#34370000
0!

#34375000
1!
b11110100110010011010001011100000 #
1$
0%
0(
02
03
1=
1>

#34380000
0!

#34385000
1!
1%
10
0=
0>

#34390000
0!

#34395000
1!
b111000110010000001100001011110 #
1$
1(
b100000000001110011 )
1*

#34400000
0!

#34405000
1!
0$
0%
0*
1+

#34410000
0!

#34415000
1!

#34420000
0!

#34425000
1!

#34430000
0!

#34435000
1!

#34440000
0!

#34445000
1!
1%

#34450000
0!

#34455000
1!

#34460000
0!

#34465000
1!

#34470000
0!

#34475000
1!

#34480000
0!

#34485000
1!

#34490000
0!

#34495000
1!

#34500000
0!

#34505000
1!

#34510000
0!

#34515000
1!

#34520000
0!

#34525000
1!

#34530000
0!

#34535000
1!
b110010001 )
1*

#34540000
0!

#34545000
1!
0*
1+

#34550000
0!

#34555000
1!

#34560000
0!

#34565000
1!

#34570000
0!

#34575000
1!

#34580000
0!

#34585000
1!
b10000000000000100 )
1*
0.

#34590000
0!

#34595000
1!
b0 )
1+
1.

#34600000
0!

#34605000
1!
0*
1+
16

#34610000
0!

#34615000
1!
06
07
19
1:

#34620000
0!

#34625000
1!
17
09
0:

#34630000
0!

#34635000
1!
b100000000001110100 #
1$
0(

#34635010
1/

#34640000
0!

#34645000
1!
b10000001111101001 #
1$
1(
0/
00
12
13

#34650000
0!

#34655000
1!
b100100000100111011010001000010 #
1$
0%
0(
02
03
1=
1>

#34660000
0!

#34665000
1!
1%
10
0=
0>

#34670000
0!

#34675000
1!
b1000101001111000110000100010101 #
1$
b100000000001110100 )
1*

#34680000
0!

#34685000
1!
b1001011111011110110000100010010 #
1$
0%
0*
1+

#34690000
0!

#34695000
1!

#34700000
0!

#34705000
1!

#34710000
0!

#34715000
1!

#34720000
0!

#34725000
1!
1%

#34730000
0!

#34735000
1!
b1111110010011111111111010111001 #
1$

#34740000
0!

#34745000
1!
b11110101111001110011000010011101 #
1$

#34750000
0!

#34755000
1!
b1110000110110010011101000011011 #
1$

#34760000
0!

#34765000
1!
b10000011001110011101011111010111 #
1$

#34770000
0!

#34775000
1!
b111010111000101010011101010000 #
1$

#34780000
0!

#34785000
1!
b10001000001101111110110111000010 #
1$

#34790000
0!

#34795000
1!
b1100111100101010000000011011110 #
1$

#34800000
0!

#34805000
1!
b1110000001010000011000101110110 #
1$
b11110101011110000001010100001011 )
1*
0.

#34810000
0!

#34815000
1!
b10010000100001000010111100101000 #
1$
b100110100101000001000010000001 )
1+

#34820000
0!

#34825000
1!
b1001011000011111000111000110000 #
1$
b10000110011011100111101001111 )
1+

#34830000
0!

#34835000
1!
b1001010001000110110000000111 #
1$
b11101010100100100011100011011101 )
1+

#34840000
0!

#34845000
1!
b1011000101011011011010010000010 #
1$
b11101111111011011101011010010101 )
1+

#34850000
0!

#34855000
1!
b1001000100110011011101111010001 #
1$
b1010010011100010011000010 )
1+

#34860000
0!

#34865000
1!
b11110001010110111001011011001111 #
1$
b10010101000111111111111101101000 )
1+

#34870000
0!

#34875000
1!
b10001001110011111111011111110 #
1$
b1001101000101101010101000011101 )
1+

#34880000
0!

#34885000
1!
b100000111101010110110010100010 #
1$
b10111001101101100001011101001001 )
1+

#34890000
0!

#34895000
1!
b1010011001100000010100110100011 #
1$
b1010101111100101101110111010110 )
1+

#34900000
0!

#34905000
1!
b111000010100011111110111001001 #
1$
b11100010101000100110000101011101 )
1+

#34910000
0!

#34915000
1!
b10000110010010000101101111111001 #
1$
b11111010100110010000001000111100 )
1+

#34920000
0!

#34925000
1!
b1011101011101100111001100010110 #
1$
b11000101101010101111010010010000 )
1+

#34930000
0!

#34935000
1!
b100100100101100000111110100101 #
1$
b11000110000010101011000001111101 )
1+

#34940000
0!

#34945000
1!
b11110011000000100101100000001 #
1$
b10111111110110011111110101010001 )
1+

#34950000
0!

#34955000
1!
b100110011100110111101110010111 #
1$
b10100011011100110000010001001111 )
1+

#34960000
0!

#34965000
1!
b11001001011000111000011110000111 #
1$
b100000101000100110000011010101 )
1+

#34970000
0!

#34975000
1!
b100010110010110001010111001000 #
1$
b1011000011010010001100110001000 )
1+

#34980000
0!

#34985000
1!
b111100100000000011000001000000 #
1$
b10100011011101111100010011110 )
1+

#34990000
0!

#34995000
1!
b10011001111110000000101101100001 #
1$
b1111111111111110111000001010101 )
1+

#35000000
0!

#35005000
1!
b1011110110101100110110111001 #
1$
b10000000000000001000000000000000 )
1+

#35010000
0!

#35015000
1!
b11111010101100011100010001100110 #
1$
b1100111010001010010100101111111 )
1+

#35020000
0!

#35025000
1!
b11000011101000110110001010010111 #
1$
b10011011001110011000000000000000 )
1+

#35030000
0!

#35035000
1!
b1111001111000010110000101111000 #
1$
b11111110010111111110111000011000 )
1+

#35040000
0!

#35045000
1!
b1101000010100101010001100111100 #
1$
b1111111111111111111110101101000 )
1+

#35050000
0!

#35055000
1!
b11100100000001100011111010001011 #
1$
b10000000000000001100010110000011 )
1+

#35060000
0!

#35065000
1!
b10011110101000000011001011111000 #
1$
b11000101110101010110100001010101 )
1+

#35070000
0!

#35075000
1!
b11011111001111101111011001000000 #
1$
b11010011101011010110101101110010 )
1+

#35080000
0!

#35085000
1!
b1010001100011111110010111000011 #
1$
b11001001111111001011101000001001 )
1+

#35090000
0!

#35095000
1!
b10100000010011101001011110110 #
1$
b11100101000101000111100110011110 )
1+

#35100000
0!

#35105000
1!
b1001010001011010011011110100110 #
1$
b10110000000111101000000000000000 )
1+

#35110000
0!

#35115000
1!
b1001000001001111111001111010101 #
1$
b10111000010101110111000001010100 )
1+

#35120000
0!

#35125000
1!
b10101100111110100010110110000001 #
1$
b1110101011010100000000110011100 )
1+

#35130000
0!

#35135000
1!
b11011100100110100011001011101110 #
1$
b1001101000100111000000000000000 )
1+

#35140000
0!

#35145000
1!
b1001110010111010111101100101111 #
1$
b10000000000000000111100101110001 )
1+

#35150000
0!

#35155000
1!
b110010000101110010111011111100 #
1$
b1010011111101011110000011111100 )
1+

#35160000
0!

#35165000
1!
b1010001110000101001010000110001 #
1$
b110011000100011010011110110100 )
1+

#35170000
0!

#35175000
1!
b1000001001010011011100010111111 #
1$
b11100011101000010011011011101111 )
1+

#35180000
0!

#35185000
1!
b1111100011000010001011010110110 #
1$
b1001001001100111011000000011001 )
1+

#35190000
0!

#35195000
1!
b101000111000111000011001011110 #
1$
b11000011101011000101101010000100 )
1+

#35200000
0!

#35205000
1!
b10000101000101111010000010111 #
1$
b11011000110000010000010000111010 )
1+

#35210000
0!

#35215000
1!
b101110010010001100111001011000 #
1$
b11110010101010001011110000111 )
1+

#35220000
0!

#35225000
1!
b10100100010101011010110111001110 #
1$
b1000110110111010111011010001111 )
1+

#35230000
0!

#35235000
1!
b10011000000111111000101110101101 #
1$
b1000110111000111000000000000000 )
1+

#35240000
0!

#35245000
1!
b11011000111000101000010001001101 #
1$
b10111000111111001000000000000000 )
1+

#35250000
0!

#35255000
1!
b101110011011101010101101111110 #
1$
b10000101010010101111110000101011 )
1+

#35260000
0!

#35265000
1!
b1111011101111000111000000111110 #
1$
b11001110100101100010101100010100 )
1+

#35270000
0!

#35275000
1!
b1100001111100101101001111001110 #
1$
b11101001110100000101110010010000 )
1+

#35280000
0!

#35285000
1!
b10111010111000110111111110110 #
1$
b1100000111000111101010010001110 )
1+

#35290000
0!

#35295000
1!
b10001110111101101001100100100011 #
1$
b10011110100010000101001111010011 )
1+

#35300000
0!

#35305000
1!
b11100011000000001101010100000 #
1$
b10111101111010001011001100111 )
1+

#35310000
0!

#35315000
1!
b10101100000010000011101101011 #
1$
b10111110111010101000111011100101 )
1+

#35320000
0!

#35325000
1!
b11011101110001100010001010000001 #
1$
b11011111001100110100011101111011 )
1+

#35330000
0!

#35335000
1!
b111010000011010101100011110100 #
1$
b1000100011101011101101100100111 )
1+

#35340000
0!

#35345000
1!
b111001011000111110001111001111 #
1$
b111110111000101100011100000100 )
1+

#35350000
0!

#35355000
1!
b11001011101100010010101001010010 #
1$
b1010000101000111110111101011101 )
1+

#35360000
0!

#35365000
1!
b11001011011011111011011000010111 #
1$
b1100001111111011011100010001111 )
1+

#35370000
0!

#35375000
1!
b10100111001100110100100100101001 #
1$
b11000011001100100010101001100111 )
1+

#35380000
0!

#35385000
1!
b1110101100101010000100011010010 #
1$
b1111111111111110111100010001010 )
1+

#35390000
0!

#35395000
1!
b1100000111011001010010010011 #
1$
b11000011011011101101110111011011 )
1+

#35400000
0!

#35405000
1!
b1010101110000001100101100000001 #
1$
b10100110110111000010111110001000 )
1+

#35410000
0!

#35415000
1!
b11000111110011010001010000011 #
1$
b10110100100101011010100000101010 )
1+

#35420000
0!

#35425000
1!
b10100001010100010011111011000101 #
1$
b100110010111100110010001101110 )
1+

#35430000
0!

#35435000
1!
b10100100110111011110011101011111 #
1$
b11010111110011010000010001111000 )
1+

#35440000
0!

#35445000
1!
b10000000100111110000010111111010 #
1$
b1011111110001000111101100110101 )
1+

#35450000
0!

#35455000
1!
b11001100010011000001110000000111 #
1$
b11100110111010110111011101011100 )
1+

#35460000
0!

#35465000
1!
b1001001111111001101111101101110 #
1$
b11011011110010111101001010100001 )
1+

#35470000
0!

#35475000
1!
b11111101001110110111110001100111 #
1$
b10000000000000001101111011011011 )
1+

#35480000
0!

#35485000
1!
b11100011011101100100000011000010 #
1$
b10001001011001001000000000000000 )
1+

#35490000
0!

#35495000
1!
b11100100000000110010011000000011 #
1$
b10101111111111000100011100111000 )
1+

#35500000
0!

#35505000
1!
b1011110000100101010011011101100 #
1$
b11010010111111111111111 )
1+

#35510000
0!

#35515000
1!
b11011011110000101101111011111001 #
1$
b101110100100010100011010111110 )
1+

#35520000
0!

#35525000
1!
b1001111010010101110000100010000 #
1$
b11011100111100111111111111111 )
1+

#35530000
0!

#35535000
1!
b10101100111011110011010000101000 #
1$
b1001100110001011000000000000000 )
1+

#35540000
0!

#35545000
1!
b11111000100111001010011010100 #
1$
b1001001101101001100110000001 )
1+

#35550000
0!

#35555000
1!
b10101001011010111010001111010100 #
1$
b101100100001111110100100000110 )
1+

#35560000
0!

#35565000
1!
b111001110011010100101101001010 #
1$
b11101010100101111110111001000000 )
1+

#35570000
0!

#35575000
1!
b111010100110001110000111100010 #
1$
b111000101100100111111111111111 )
1+

#35580000
0!

#35585000
1!
b11110111100000001100110010100110 #
1$
b1111111111111111010000001010000 )
1+

#35590000
0!

#35595000
1!
b1010010010000001001101011100100 #
1$
b10011101110000100001101011101011 )
1+

#35600000
0!

#35605000
1!
b1110000111101011001010110101000 #
1$
b11000011011001111111101111111101 )
1+

#35610000
0!

#35615000
1!
b11001100000110111110101101000001 #
1$
b10000000000000000011111001010100 )
1+

#35620000
0!

#35625000
1!
b11111111001001111010111000000 #
1$
b10100100111100100101110101110100 )
1+

#35630000
0!

#35635000
1!
b1110011100010000111100001001100 #
1$
b1111001101110011010000110101 )
1+

#35640000
0!

#35645000
1!
b1111001111101000010101000010111 #
1$
b10100001111101111001010011100 )
1+

#35650000
0!

#35655000
1!
b10000101001001111011100011010111 #
1$
b1010011100011000100111100111010 )
1+

#35660000
0!

#35665000
1!
b1110010000101010010111011101001 #
1$
b101110110000101011011000101000 )
1+

#35670000
0!

#35675000
1!
b1100010101001011000001101000110 #
1$
b10111001011111100001010011000111 )
1+

#35680000
0!

#35685000
1!
b111111010000100011111010011011 #
1$
b110101010101011110101111101 )
1+

#35690000
0!

#35695000
1!
b1010010110101111101000000001101 #
1$
b10011111000001011111101001000 )
1+

#35700000
0!

#35705000
1!
b1010010000000000010110111110000 #
1$
b11101001001110011011111110001011 )
1+

#35710000
0!

#35715000
1!
b101010000110111010010010011 #
1$
b111111011101100111111111111111 )
1+

#35720000
0!

#35725000
1!
b11010101100011000111110100110100 #
1$
b110011000010001001101010101100 )
1+

#35730000
0!

#35735000
1!
b1101011000000100000111000010110 #
1$
b11100001001011000001110100011110 )
1+

#35740000
0!

#35745000
1!
b11000010001101001001000111011111 #
1$
b1111100001010001011001001001100 )
1+

#35750000
0!

#35755000
1!
b110100101010001000111111010000 #
1$
b10001011111011100011111010110011 )
1+

#35760000
0!

#35765000
1!
b10101001001111011100010101110001 #
1$
b1010000011101100000000011101000 )
1+

#35770000
0!

#35775000
1!
b111101000110101001100000100000 #
1$
b10000001000001001111100101001111 )
1+

#35780000
0!

#35785000
1!
b1110000101001011100100110110001 #
1$
b10101101100011100111101110111 )
1+

#35790000
0!

#35795000
1!
b11010110111110110110001010110110 #
1$
b10110101010110011001100100110011 )
1+

#35800000
0!

#35805000
1!
b1100010000110001100111010110100 #
1$
b11100100100011010110111100000100 )
1+

#35810000
0!

#35815000
1!
b10100110010011101010001010011 #
1$
b11111100110100010011101010011 )
1+

#35820000
0!

#35825000
1!
b1011011011110110101010010111110 #
1$
b1000011100101111101101 )
1+

#35830000
0!

#35835000
1!
b11100001001000100001011001100 #
1$
b10000000000000001110110001101101 )
1+

#35840000
0!

#35845000
1!
b10111101110111011101001010011000 #
1$
b10011011101011110010011010 )
1+

#35850000
0!

#35855000
1!
b1111101011111110000000010011011 #
1$
b10000000000000000001101110010011 )
1+

#35860000
0!

#35865000
1!
b11100110000111010000111101100011 #
1$
b101110110000010001011001000111 )
1+

#35870000
0!

#35875000
1!
b10100110101101000011100100001111 #
1$
b1011101010011100000001111000110 )
1+

#35880000
0!

#35885000
1!
b11011110001110001010001001001010 #
1$
b11010111101111110111111111111111 )
1+

#35890000
0!

#35895000
1!
b1011000011011100100000011100011 #
1$
b10100111100011111011001110111 )
1+

#35900000
0!

#35905000
1!
b10100100000000111001100011011010 #
1$
b10101011010000000101111000000000 )
1+

#35910000
0!

#35915000
1!
b111101010011010001011001001100 #
1$
b10111101100100000000001111011110 )
1+

#35920000
0!

#35925000
1!
b11101001110100010111000111111000 #
1$
b111101100011010001011110111101 )
1+

#35930000
0!

#35935000
1!
b11000000110011001010101111100011 #
1$
b11111010110001101000000000000000 )
1+

#35940000
0!

#35945000
1!
b101000001111010100011001001001 #
1$
b1000000111010000010101000001010 )
1+

#35950000
0!

#35955000
1!
b1111010110011110010000110010 #
1$
b110001100111111110100100111100 )
1+

#35960000
0!

#35965000
1!
b10000011100001011101110100110 #
1$
b11010110010000100100000001111000 )
1+

#35970000
0!

#35975000
1!
b10101001101011100000001110000001 #
1$
b1111111111111110110011011101001 )
1+

#35980000
0!

#35985000
1!
b1001110000110011011000011001000 #
1$
b10000000000000001000101101001101 )
1+

#35990000
0!

#35995000
1!
b10100010011100001111000111111001 #
1$
b11101110100101110111001011000000 )
1+

#36000000
0!

#36005000
1!
b11111111101101010001011000000000 #
1$
b10100100011111101101001111100101 )
1+

#36010000
0!

#36015000
1!
b10100110100100110100010101010010 #
1$
b11001010101000101111000110101011 )
1+

#36020000
0!

#36025000
1!
b1101000101101110101000001100000 #
1$
b11110110111110000011110101100101 )
1+

#36030000
0!

#36035000
1!
b10100111011000110110001101101101 #
1$
b11011010011000000011001111011 )
1+

#36040000
0!

#36045000
1!
b11011001100100011111110001110010 #
1$
b11010001001100100000000001010011 )
1+

#36050000
0!

#36055000
1!
b1100101010110010110101000011011 #
1$
b1101110111100011010000111 )
1+

#36060000
0!

#36065000
1!
b1011101011000110110010101101001 #
1$
b10101011111011010111111111111111 )
1+

#36070000
0!

#36075000
1!
b10000101001000001111110100011011 #
1$
b1001101010010010000100000110110 )
1+

#36080000
0!

#36085000
1!
b10111000111001001001110000001001 #
1$
b11011110010000101111101100010001 )
1+

#36090000
0!

#36095000
1!
b101000010101101110101011010 #
1$
b101111101110110001000110000110 )
1+

#36100000
0!

#36105000
1!
b10111011100011100011111011101101 #
1$
b1111111111111111110111100011110 )
1+

#36110000
0!

#36115000
1!
b11111011001011010000111101110111 #
1$
b10000000000000000100011100111001 )
1+

#36120000
0!

#36125000
1!
b10111110110110101010111111110000 #
1$
b1110110011000011000000000000000 )
1+

#36130000
0!

#36135000
1!
b11111011001010100101110001110100 #
1$
b11010111000000101000000101110 )
1+

#36140000
0!

#36145000
1!
b11011001101110110010010101011010 #
1$
b11000101011000001000000000000000 )
1+

#36150000
0!

#36155000
1!
b11000110100111001010000011100011 #
1$
b110011101000110010010001101100 )
1+

#36160000
0!

#36165000
1!
b1100000111001110101000111110010 #
1$
b10110101101001011101111011001101 )
1+

#36170000
0!

#36175000
1!
b100101100111000000001110111111 #
1$
b11100001001001100100101100110001 )
1+

#36180000
0!

#36185000
1!
b1100101110110101101101110000111 #
1$
b11101111110000101100111011110001 )
1+

#36190000
0!

#36195000
1!
b100101001101110000011000001110 #
1$
b10101110001010110110111101100000 )
1+

#36200000
0!

#36205000
1!
b1100010010000000101001001011 #
1$
b10100011110001110010011100001 )
1+

#36210000
0!

#36215000
1!
b110000001000111101001100001 #
1$
b11101010011111000001010000000010 )
1+

#36220000
0!

#36225000
1!
b11101011111010100010111101000000 #
1$
b100111101000000001001001001 )
1+

#36230000
0!

#36235000
1!
b10100101101111101100011000001111 #
1$
b110100111110011101001011010001 )
1+

#36240000
0!

#36245000
1!
b10100000010111110101011000011 #
1$
b10101101000101110001101001111 )
1+

#36250000
0!

#36255000
1!
b1110011100000011001110010100100 #
1$
b11110001101111001111101100001111 )
1+

#36260000
0!

#36265000
1!
b1110010011101001101101011011101 #
1$
b1011101111010111001111101001011 )
1+

#36270000
0!

#36275000
1!
b10011100100000100100111010101111 #
1$
b10010110101101010000100000001110 )
1+

#36280000
0!

#36285000
1!
b10100010010001011110011101111110 #
1$
b11110111101111000011111110001000 )
1+

#36290000
0!

#36295000
1!
b11010110010011100100111101000011 #
1$
b1010101111110111111111111010000 )
1+

#36300000
0!

#36305000
1!
b1001000010110011101000010011101 #
1$
b111101001101010111111111111111 )
1+

#36310000
0!

#36315000
1!
b10000010111010110001111101111101 #
1$
b101111001111011111011100000 )
1+

#36320000
0!

#36325000
1!
b10000110111101101001001011010010 #
1$
b111100110001000000000000000 )
1+

#36330000
0!

#36335000
1!
b11101110001111001010001000110100 #
1$
b11010100000111110000110010011010 )
1+

#36340000
0!

#36345000
1!
b11011010101011101110100010100111 #
1$
b111100010000101001111001101101 )
1+

#36350000
0!

#36355000
1!
b10000010111010110101010110001 #
1$
b10101100110110010011101000000100 )
1+

#36360000
0!

#36365000
1!
b10101100110001100011011001000100 #
1$
b11100010101110011110110011001010 )
1+

#36370000
0!

#36375000
1!
b11000000011001011011100001101001 #
1$
b1111111111111110000011010011101 )
1+

#36380000
0!

#36385000
1!
b111001110001011100110000101010 #
1$
b11101000111111111101010001111111 )
1+

#36390000
0!

#36395000
1!
b10010010111000111000101101111011 #
1$
b11110100010110001001111010000110 )
1+

#36400000
0!

#36405000
1!
b10100010110110100010010000110010 #
1$
b11101101001011011111111001000111 )
1+

#36410000
0!

#36415000
1!
b10000110111111110111001001111101 #
1$
b10101000001000100101011001011001 )
1+

#36420000
0!

#36425000
1!
b11100110000111100010010001101010 #
1$
b1000110110110011100001101000101 )
1+

#36430000
0!

#36435000
1!
b1101000000101000100000101100101 #
1$
b11111010110110000100001110000010 )
1+

#36440000
0!

#36445000
1!
b11101011011011110000100111000 #
1$
b1101111100110001110010000001001 )
1+

#36450000
0!

#36455000
1!
b11110111110101000100011110110010 #
1$
b1111111111111110010110110001000 )
1+

#36460000
0!

#36465000
1!
b11100000110110011111110101011010 #
1$
b10001100001111000011001111011000 )
1+

#36470000
0!

#36475000
1!
b1110111100010000011010111010011 #
1$
b11101111101110010101111101100010 )
1+

#36480000
0!

#36485000
1!
b11000110111110001100001000111000 #
1$
b10000010100001111111010101101101 )
1+

#36490000
0!

#36495000
1!
b11011111100111000011010001101000 #
1$
b1111000111110011110010111110 )
1+

#36500000
0!

#36505000
1!
b10010000101101101011101111010101 #
1$
b1101111100100101110100101111010 )
1+

#36510000
0!

#36515000
1!
b1000011001101010111110110 #
1$
b10110101001111101011000110010 )
1+

#36520000
0!

#36525000
1!
b110110111101111100100011010001 #
1$
b1111111111111111111101100000001 )
1+

#36530000
0!

#36535000
1!
b11010100000111011111000000011011 #
1$
b10001101101101110101100111000 )
1+

#36540000
0!

#36545000
1!
b11100111010100111011011100101000 #
1$
b11000110010111111111111111 )
1+

#36550000
0!

#36555000
1!
b11000111011110001101010101000 #
1$
b10011011000001110111111111111111 )
1+

#36560000
0!

#36565000
1!
b11100001000000100010010101000111 #
1$
b11011100001101011000000000000000 )
1+

#36570000
0!

#36575000
1!
b1111101111011001011101001001101 #
1$
b11101100111100011100000010000011 )
1+

#36580000
0!

#36585000
1!
b1100110011000010100010110001111 #
1$
b11011011111000111010001000010011 )
1+

#36590000
0!

#36595000
1!
b1001111010011110010101000000010 #
1$
b1001010100110010110010111001010 )
1+

#36600000
0!

#36605000
1!
b11001111110110100111010101001110 #
1$
b10000000000000000101100101100101 )
1+

#36610000
0!

#36615000
1!
b10100001110000101110110011000 #
1$
b1111000010010001101110001011001 )
1+

#36620000
0!

#36625000
1!
b1110001101001000111001001011000 #
1$
b11110111010011101101001000100010 )
1+

#36630000
0!

#36635000
1!
b1101100011110010110110000000001 #
1$
b110010001000111010101000101011 )
1+

#36640000
0!

#36645000
1!
b101011001111100110011111110111 #
1$
b11010101110110100000010101111100 )
1+

#36650000
0!

#36655000
1!
b1101010100011100111101111010101 #
1$
b101010011101101101010101110011 )
1+

#36660000
0!

#36665000
1!
b100001000110111010010010100 #
1$
b101001101011011110001011001010 )
1+

#36670000
0!

#36675000
1!
b10101011100101001101101101000110 #
1$
b100111101101111100110101111110 )
1+

#36680000
0!

#36685000
1!
b101100001001011010000111101001 #
1$
b10110011100101000011001110101000 )
1+

#36690000
0!

#36695000
1!
b101000001110010110111000100011 #
1$
b10001000001010011001101101110 )
1+

#36700000
0!

#36705000
1!
b10101111111011001101000000001111 #
1$
b101000100001111101011110101011 )
1+

#36710000
0!

#36715000
1!
b10001010100001100101110110001111 #
1$
b1111111111111111101000101101101 )
1+

#36720000
0!

#36725000
1!
b10101101010000000111111011011100 #
1$
b11011000100011111010011110011100 )
1+

#36730000
0!

#36735000
1!
b1010111001100010001111100000110 #
1$
b10110100100111000000110000001001 )
1+

#36740000
0!

#36745000
1!
b10010001001010101100100101010111 #
1$
b10111111010111111111101101001111 )
1+

#36750000
0!

#36755000
1!
b1100110000100010010100111111101 #
1$
b10011011100111001010111001101101 )
1+

#36760000
0!

#36765000
1!
b11101100011010110101100001001110 #
1$
b111100001100100000011001100000 )
1+

#36770000
0!

#36775000
1!
b10110001001011001010101110010101 #
1$
b10100011100011111010011111100111 )
1+

#36780000
0!

#36785000
1!
b111111000000110000010000111 #
1$
b10000000000000001101001111001000 )
1+

#36790000
0!

#36795000
1!
b1001110010110000011011111111111 #
1$
b10110111100111100000100110011011 )
1+

#36800000
0!

#36805000
1!
b11001000101110010110110001010110 #
1$
b10011110111100100000111111100100 )
1+

#36810000
0!

#36815000
1!
b11001101000111101100010001000 #
1$
b1110101110111001101001110110000 )
1+

#36820000
0!

#36825000
1!
b1010110001011110110100100001101 #
1$
b1110110101011001010011010010000 )
1+

#36830000
0!

#36835000
1!
b1100010010101101010111100100101 #
1$
b11111100001001001111101111000011 )
1+

#36840000
0!

#36845000
1!
b1010011100110000011100111100101 #
1$
b10011010001110100011011111011100 )
1+

#36850000
0!

#36855000
1!
b10001101110100010110111001010001 #
1$
b1111010001011100001110010000 )
1+

#36860000
0!

#36865000
1!
b10001000000011000000110101100000 #
1$
b10101101010010100000110001011110 )
1+

#36870000
0!

#36875000
1!
b11010101001010101010011010001101 #
1$
b1111111111111110011000110110100 )
1+

#36880000
0!

#36885000
1!
b100110110001010111011000100010 #
1$
b11111001110010001110101010010001 )
1+

#36890000
0!

#36895000
1!
b10010101110011010001011001010101 #
1$
b110101010010110011001011101111 )
1+

#36900000
0!

#36905000
1!
b10000011100100001100011001111101 #
1$
b10010100011010111111111111111 )
1+

#36910000
0!

#36915000
1!
b11100111110101010110101101101101 #
1$
b10001101110111111000100001001001 )
1+

#36920000
0!

#36925000
1!
b10001100101101000101001110010110 #
1$
b1000010100001000011010011111111 )
1+

#36930000
0!

#36935000
1!
b1010001001100111000000110111 #
1$
b111110001010010111001010 )
1+

#36940000
0!

#36945000
1!
b111001100101010010010110101000 #
1$
b10111101000000111110101101 )
1+

#36950000
0!

#36955000
1!
b11111010010101101011100000000011 #
1$
b11101111111101001011011100101000 )
1+

#36960000
0!

#36965000
1!
b1001010110110100001100100101001 #
1$
b1111110011100111010110001001000 )
1+

#36970000
0!

#36975000
1!
b10101111011000000001000010001 #
1$
b11001110011100001100100101011000 )
1+

#36980000
0!

#36985000
1!
b11010001100101110000000111110110 #
1$
b100010000011101011101011011011 )
1+

#36990000
0!

#36995000
1!
b1001101100000001000001110101100 #
1$
b10010011011111000011101110 )
1+

#37000000
0!

#37005000
1!
b11100100001010101100000111011101 #
1$
b111110000011000100110101111101 )
1+

#37010000
0!

#37015000
1!
b110010000100011100010011110011 #
1$
b100001001000111000000000000000 )
1+

#37020000
0!

#37025000
1!
b11110101101000001001011010001010 #
1$
b1010010101110001100101100001111 )
1+

#37030000
0!

#37035000
1!
b11001101011101110000011110011 #
1$
b111001010000010000011010001001 )
1+

#37040000
0!

#37045000
1!
b10110110110110011111001011100010 #
1$
b10000000000000000010000001100101 )
1+

#37050000
0!

#37055000
1!
b1001010001011000010111110011101 #
1$
b10010010100011110111101000101010 )
1+

#37060000
0!

#37065000
1!
b110110001011010000010100000111 #
1$
b101010111010011110101100100 )
1+

#37070000
0!

#37075000
1!
b1100010011101111010000101010 #
1$
b101001000010000001011111010 )
1+

#37080000
0!

#37085000
1!
b10111010101101010010101101101 #
1$
b111000100110010110011100100011 )
1+

#37090000
0!

#37095000
1!
b1011110011001111011110001101101 #
1$
b11110111000011001110011000110011 )
1+

#37100000
0!

#37105000
1!
b10101101110000001101000111111110 #
1$
b10100101100110010101001101110010 )
1+

#37110000
0!

#37115000
1!
b10000011101001011010011000000011 #
1$
b110010001101111000101110110001 )
1+

#37120000
0!

#37125000
1!
b10111101110101001100000111010111 #
1$
b1010001010011010101000100100010 )
1+

#37130000
0!

#37135000
1!
b10000101010110111110011101111001 #
1$
b1001111100101011100011101011010 )
1+

#37140000
0!

#37145000
1!
b1100000000000001011101100001010 #
1$
b1110111011000001000000000000000 )
1+

#37150000
0!

#37155000
1!
b1100111001111101100000101010010 #
1$
b111111100010001100001011110101 )
1+

#37160000
0!

#37165000
1!
b10010100100101110100100010011111 #
1$
b1001101110011110110011000010 )
1+

#37170000
0!

#37175000
1!
b10001000000110111101110011011010 #
1$
b110100011001011101010011000110 )
1+

#37180000
0!

#37185000
1!
b11100111001111001110000111100101 #
1$
b11011000100101010100000111101001 )
1+

#37190000
0!

#37195000
1!
b11011010000111010100100000111000 #
1$
b11101100111111011100001000111100 )
1+

#37200000
0!

#37205000
1!
b100000000010100010010101011 #
1$
b11111110111110110101111110111010 )
1+

#37210000
0!

#37215000
1!
b11010100001111110011011101100101 #
1$
b1010010110110101111100101001000 )
1+

#37220000
0!

#37225000
1!
b10000111100111000001010011001110 #
1$
b11000010100011000010111011101011 )
1+

#37230000
0!

#37235000
1!
b111100111101111001000000110011 #
1$
b1001101011011001111011010001001 )
1+

#37240000
0!

#37245000
1!
b10010100001110010101110000101010 #
1$
b10111010100010100011100000110100 )
1+

#37250000
0!

#37255000
1!
b10011101010100100010000001111110 #
1$
b11011001110011100110111010010010 )
1+

#37260000
0!

#37265000
1!
b10010000111011000111000010111001 #
1$
b1001110111110001111110100001011 )
1+

#37270000
0!

#37275000
1!
b1010010110001011010111001011100 #
1$
b1010110010111101000010100100 )
1+

#37280000
0!

#37285000
1!
b10101010010110111001110111110001 #
1$
b11101111000111001111000011000010 )
1+

#37290000
0!

#37295000
1!
b10010100011110000110011011110001 #
1$
b111100011010001101000100101011 )
1+

#37300000
0!

#37305000
1!
b1011111110000011101000010111001 #
1$
b11001011010000100001000010011100 )
1+

#37310000
0!

#37315000
1!
b10100000100110110111010110110100 #
1$
b11010111000010100111111111111111 )
1+

#37320000
0!

#37325000
1!
b1110000100111010100000110011011 #
1$
b1011000111010001111001000010001 )
1+

#37330000
0!

#37335000
1!
b100110101101011100110010111 #
1$
b11101011101010000100110101000101 )
1+

#37340000
0!

#37345000
1!
b11011001101011010010000001100111 #
1$
b11111111011000100100100000101 )
1+

#37350000
0!

#37355000
1!
b11011110001011111101011101100010 #
1$
b11000111110000011000000000000000 )
1+

#37360000
0!

#37365000
1!
b10000110100110010101001000000100 #
1$
b10100001110001000010001000101110 )
1+

#37370000
0!

#37375000
1!
b110110011000010010010101101 #
1$
b11010101111000011110010000100110 )
1+

#37380000
0!

#37385000
1!
b111010011111100011101010111000 #
1$
b11011110110100000101011000001101 )
1+

#37390000
0!

#37395000
1!
b11110011011111011100100101001001 #
1$
b1010110000000100000100000101110 )
1+

#37400000
0!

#37405000
1!
b11111001110110001000010110100001 #
1$
b11001100101101100101110010000110 )
1+

#37410000
0!

#37415000
1!
b1001111111100111110100111000100 #
1$
b11111100010110101010011011101000 )
1+

#37420000
0!

#37425000
1!
b11011111100111110011011110001000 #
1$
b1111111111111111000000000000000 )
1+

#37430000
0!

#37435000
1!
b100010000110100110010011 #
1$
b10000000000000000100011000110000 )
1+

#37440000
0!

#37445000
1!
b100011100010101100111011011001 #
1$
b1100111001111000110010100100111 )
1+

#37450000
0!

#37455000
1!
b1110110000111101111010101111100 #
1$
b1000011101100010101101101 )
1+

#37460000
0!

#37465000
1!
b10000010011101000110000110110000 #
1$
b11110110111100011101100110101001 )
1+

#37470000
0!

#37475000
1!
b11100111100101101100000001000101 #
1$
b1111111111111111000000000000000 )
1+

#37480000
0!

#37485000
1!
b11100100100110010111001011111 #
1$
b10000000000000001110110101101001 )
1+

#37490000
0!

#37495000
1!
b10101000001111000110001000100011 #
1$
b100100110011100111111111111111 )
1+

#37500000
0!

#37505000
1!
b1101001011001010010000101100000 #
1$
b1101100101100101100011001 )
1+

#37510000
0!

#37515000
1!
b101100010101111001110110011011 #
1$
b10100000000001010001111001100001 )
1+

#37520000
0!

#37525000
1!
b10001010010110100010011011111100 #
1$
b1101100111000011011001111100010 )
1+

#37530000
0!

#37535000
1!
b10001110000000101000101010100110 #
1$
b11010011001101001000000000000000 )
1+

#37540000
0!

#37545000
1!
b101111111000111100100000100001 #
1$
b11000100011010001011111110111 )
1+

#37550000
0!

#37555000
1!
b101111001100010110001001100100 #
1$
b11001100010001110011001010011011 )
1+

#37560000
0!

#37565000
1!
b11100101111010010011011011011010 #
1$
b1001101010110000011100001011100 )
1+

#37570000
0!

#37575000
1!
b1110011001101011011100010001 #
1$
b110110110011101011010111111011 )
1+

#37580000
0!

#37585000
1!
b1011101000111000011000100010010 #
1$
b11110111001011111100011000100110 )
1+

#37590000
0!

#37595000
1!
b1111001000001110001001011010111 #
1$
b1111111111111111000000000000000 )
1+

#37600000
0!

#37605000
1!
b1110001111110110100111100011100 #
1$
b10010001100001110001011100001111 )
1+

#37610000
0!

#37615000
1!
b10111100101110000010110000001111 #
1$
b11000001101101000100101101011011 )
1+

#37620000
0!

#37625000
1!
b100001110110100101001101010010 #
1$
b1001101101000010111111111111111 )
1+

#37630000
0!

#37635000
1!
b11001000101000110011101011001001 #
1$
b10001000101011111011001001100011 )
1+

#37640000
0!

#37645000
1!
b1111000010000011001010100101001 #
1$
b100010001101111011001010001 )
1+

#37650000
0!

#37655000
1!
b11000100001101111100101010010 #
1$
b1111100011010011001111010 )
1+

#37660000
0!

#37665000
1!
b1011110001011011000111110101011 #
1$
b1010101010110100000001000001 )
1+

#37670000
0!

#37675000
1!
b10000011000010101100100100101011 #
1$
b11110100010110010111111111111111 )
1+

#37680000
0!

#37685000
1!
b10100111100000111100011111101010 #
1$
b110110011010001010011110001111 )
1+

#37690000
0!

#37695000
1!
b101001000101011111011111011001 #
1$
b11110011010100100100001001001000 )
1+

#37700000
0!

#37705000
1!
b10101101000111011101010001001010 #
1$
b11111010011001011111101011010101 )
1+

#37710000
0!

#37715000
1!
b10100111111110101011101101110110 #
1$
b11100110010000111000000000000000 )
1+

#37720000
0!

#37725000
1!
b11101010010101110000101000 #
1$
b11001010111101111011011000111 )
1+

#37730000
0!

#37735000
1!
b11101011000111001000110111100100 #
1$
b10101010111011111000011011110 )
1+

#37740000
0!

#37745000
1!
b110110011011011111011010000001 #
1$
b11010101011000000001110001001 )
1+

#37750000
0!

#37755000
1!
b111000110011110010010011100010 #
1$
b10011000100110000010111101011000 )
1+

#37760000
0!

#37765000
1!
b10000100010000111011000011000001 #
1$
b11011001111011100010100101101111 )
1+

#37770000
0!

#37775000
1!
b11010011001111001111010100011100 #
1$
b10100110101000011110110010101100 )
1+

#37780000
0!

#37785000
1!
b1100111010010001101011110001011 #
1$
b1111111111111111000000000000000 )
1+

#37790000
0!

#37795000
1!
b1000111110001110101110011000100 #
1$
b1011111001110011111000111110 )
1+

#37800000
0!

#37805000
1!
b10110100101101011000110011101111 #
1$
b10111100011001111101110011100011 )
1+

#37810000
0!

#37815000
1!
b11000101111000111000111110001110 #
1$
b10001101000110001110100100001 )
1+

#37820000
0!

#37825000
1!
b11001011101001011111100001110000 #
1$
b11110101101000101100011011010011 )
1+

#37830000
0!

#37835000
1!
b10010110110011010011010100111000 #
1$
b1111111111111110100100110110110 )
1+

#37840000
0!

#37845000
1!
b10011111110010000101111110001111 #
1$
b1001101000000010000001010111001 )
1+

#37850000
0!

#37855000
1!
b11001000110100000000111010101 #
1$
b11010100011010000000110010101011 )
1+

#37860000
0!

#37865000
1!
b10000100101001010111011011111011 #
1$
b11000100010000111111111111111 )
1+

#37870000
0!

#37875000
1!
b1011100001010100010101110111100 #
1$
b11000011011110001111000101001000 )
1+

#37880000
0!

#37885000
1!
b1001000101000100111001111100101 #
1$
b11110100101100010110001101110 )
1+

#37890000
0!

#37895000
1!
b10000011010001010101101011101010 #
1$
b11010100111100000101000100101001 )
1+

#37900000
0!

#37905000
1!
b11010011011011100110010100111001 #
1$
b111101000110100001101111100011 )
1+

#37910000
0!

#37915000
1!
b10000000100010001000011111011100 #
1$
b10001001000100010111010001010100 )
1+

#37920000
0!

#37925000
1!
b11100011001111000110000101011111 #
1$
b111011111001011010011100011011 )
1+

#37930000
0!

#37935000
1!
b1001110010100010100001011000 #
1$
b1111111111111111010110101000000 )
1+

#37940000
0!

#37945000
1!
b1101011010101001010010010001001 #
1$
b11001001100010011100001101110111 )
1+

#37950000
0!

#37955000
1!
b10001011100110001001010101101000 #
1$
b110010101110001010011110010100 )
1+

#37960000
0!

#37965000
1!
b11110000011010011001111000101000 #
1$
b11101101001001010110001111111111 )
1+

#37970000
0!

#37975000
1!
b1000110001110111111110101000100 #
1$
b10110001110101011100101101110 )
1+

#37980000
0!

#37985000
1!
b1111100011101001001000101010111 #
1$
b11001110001010000100111000111001 )
1+

#37990000
0!

#37995000
1!
b1100100100011011110101010110111 #
1$
b110000010010000000011010001011 )
1+

#38000000
0!

#38005000
1!
b11011101111100101010100110001111 #
1$
b10101000111010111010110110111011 )
1+

#38010000
0!

#38015000
1!
b11110101101100111000101101001111 #
1$
b10000000000000000010010101001111 )
1+

#38020000
0!

#38025000
1!
b11110000000000111001101111100101 #
1$
b1111111111111110010101111011101 )
1+

#38030000
0!

#38035000
1!
b11110001111100001001011010000011 #
1$
b10010000011110110011000100001111 )
1+

#38040000
0!

#38045000
1!
b10000101100000110110011010001100 #
1$
b11010100110001110111111111111111 )
1+

#38050000
0!

#38055000
1!
b1100011001000010100010101011 #
1$
b11100001000100111100101000001001 )
1+

#38060000
0!

#38065000
1!
b10100001011000100010001101111011 #
1$
b101101001100101111111001011110 )
1+

#38070000
0!

#38075000
1!
b111000010110110111101011100100 #
1$
b11010001111001110001111010100100 )
1+

#38080000
0!

#38085000
1!
b10101001001011100000111011111111 #
1$
b100010010000101000000000000000 )
1+

#38090000
0!

#38095000
1!
b10111001010110000110111011101001 #
1$
b11001001110010110011000010110011 )
1+

#38100000
0!

#38105000
1!
b10110000010001110010011100110111 #
1$
b100100111110101101001000000100 )
1+

#38110000
0!

#38115000
1!
b10000110011001101111001010001000 #
1$
b1111111111111110000011011011100 )
1+

#38120000
0!

#38125000
1!
b1010101111010100011001011111101 #
1$
b1100110000010101101111000100000 )
1+

#38130000
0!

#38135000
1!
b1010001001001001110111010000110 #
1$
b1111111111111111101111011000000 )
1+

#38140000
0!

#38145000
1!
b10001100100001011011000101000100 #
1$
b1011010100111111000000000000000 )
1+

#38150000
0!

#38155000
1!
b10001000111111001000111000101000 #
1$
b1001000101010001000000000000000 )
1+

#38160000
0!

#38165000
1!
b1011100101100110110010000010 #
1$
b1000011001111100111000000100010 )
1+

#38170000
0!

#38175000
1!
b10111111000111011101110111110010 #
1$
b1111111111111111001101100001000 )
1+

#38180000
0!

#38185000
1!
b11110100110101010101011001110011 #
1$
b11000001110100100100010001101101 )
1+

#38190000
0!

#38195000
1!
b11000100110110011110111100011011 #
1$
b10000011010001011101110101010011 )
1+

#38200000
0!

#38205000
1!
b10100101101101001000100101101 #
1$
b10111001011011011100110001100010 )
1+

#38210000
0!

#38215000
1!
b1010001101110100000111001101111 #
1$
b10100011010010000011111100000111 )
1+

#38220000
0!

#38225000
1!
b1100001000011111001011010100110 #
1$
b11110110111111000100000011010001 )
1+

#38230000
0!

#38235000
1!
b111001110101000011100111011011 #
1$
b10000000000000000111111111111111 )
1+

#38240000
0!

#38245000
1!
b11110111010111111110010001001100 #
1$
b10001001011111010111111111111111 )
1+

#38250000
0!

#38255000
1!
b11011111101001100100110010101100 #
1$
b100100111100101100000011111101 )
1+

#38260000
0!

#38265000
1!
b11010101001110001001101010000011 #
1$
b10111111001011001111000101011011 )
1+

#38270000
0!

#38275000
1!
b10101001100100101000011011000100 #
1$
b111011001100111011001011100100 )
1+

#38280000
0!

#38285000
1!
b1000010011110111001111101111101 #
1$
b11110110101111100100000010110 )
1+

#38290000
0!

#38295000
1!
b11011001000101010111000100100110 #
1$
b11111001110010110000010101110100 )
1+

#38300000
0!

#38305000
1!
b1000110111001001100011001000100 #
1$
b1000010011111001111100110001011 )
1+

#38310000
0!

#38315000
1!
b11011100001101100001011010111110 #
1$
b111010111011100000111101000011 )
1+

#38320000
0!

#38325000
1!
b1110111101001111110001111100110 #
1$
b110001111111001110001000110110 )
1+

#38330000
0!

#38335000
1!
b11111110110101101011011101011000 #
1$
b11110011000010100000110111100001 )
1+

#38340000
0!

#38345000
1!
b101000100111001010100010111000 #
1$
b110000000100111011110110000001 )
1+

#38350000
0!

#38355000
1!
b10111100100000000001100000001010 #
1$
b11011000011011010010011101000001 )
1+

#38360000
0!

#38365000
1!
b10010110001001001111011011001001 #
1$
b1010010110000011100010011101111 )
1+

#38370000
0!

#38375000
1!
b1010111100111100111010110011001 #
1$
b111101110110100100010101000010 )
1+

#38380000
0!

#38385000
1!
b11010001100101010101010001011000 #
1$
b10000000000000001011011001010010 )
1+

#38390000
0!

#38395000
1!
b11000110111011010101000111100001 #
1$
b1111111111111111010011010111001 )
1+

#38400000
0!

#38405000
1!
b10101010111010111001000011101110 #
1$
b100001101111001110110001011111 )
1+

#38410000
0!

#38415000
1!
b100011101001111001110011001 #
1$
b1101110010101000000100111001111 )
1+

#38420000
0!

#38425000
1!
b1101001011101001000000011011000 #
1$
b11011110111001010000001001000010 )
1+

#38430000
0!

#38435000
1!
b11101001101111000101100101001011 #
1$
b10000000000000000110110111110101 )
1+

#38440000
0!

#38445000
1!
b11100100000101100000110001110 #
1$
b10101101101011111100000101011010 )
1+

#38450000
0!

#38455000
1!
b100011111101111110110110111001 #
1$
b110100111110010110011001000 )
1+

#38460000
0!

#38465000
1!
b11000100000100011011110001110010 #
1$
b1010100011111101000000000000000 )
1+

#38470000
0!

#38475000
1!
b11100010001101001011010001010 #
1$
b1111111111111110101011000010101 )
1+

#38480000
0!

#38485000
1!
b1100101111001110111010101100111 #
1$
b1111100110101101110011100100 )
1+

#38490000
0!

#38495000
1!
b10100010100110000001000100001000 #
1$
b1000011110001010111111111111111 )
1+

#38500000
0!

#38505000
1!
b11101110110100111111010110100010 #
1$
b10010011100011101001100100000011 )
1+

#38510000
0!

#38515000
1!
b11000111000100110100011010110100 #
1$
b10100011000001101111110100000101 )
1+

#38520000
0!

#38525000
1!
b11111110100111111111110100111100 #
1$
b10110100000110011011000110101010 )
1+

#38530000
0!

#38535000
1!
b1110010010010100101100011001011 #
1$
b11111000011000000111001011000011 )
1+

#38540000
0!

#38545000
1!
b11001110100110000100111101101110 #
1$
b11011000010011100010101000010010 )
1+

#38550000
0!

#38555000
1!
b11011111101101000010111100001 #
1$
b11001111110100000111011100100001 )
1+

#38560000
0!

#38565000
1!
b1101111100110001111110101000100 #
1$
b10110110011100111001011000100 )
1+

#38570000
0!

#38575000
1!
b100011001111011000100101000111 #
1$
b11100010101001011110010011010110 )
1+

#38580000
0!

#38585000
1!
b11111010111110001100010000 #
1$
b11000111101111111100101100110001 )
1+

#38590000
0!

#38595000
1!
b10010011111111111101111010110011 #
1$
b1111111111111111101101000111000 )
1+

#38600000
0!

#38605000
1!
b10000011000011000100110010000000 #
1$
b1001111000001000000000000000 )
1+

#38610000
0!

#38615000
1!
b110100010001011011101010101110 #
1$
b1111111111111110000100100000111 )
1+

#38620000
0!

#38625000
1!
b10001000100110001011001111010 #
1$
b101001000010101110001111011100 )
1+

#38630000
0!

#38635000
1!
b11100100110000001111011101100100 #
1$
b10010111110011000011000011111001 )
1+

#38640000
0!

#38645000
1!
b11000011101100101001110001000 #
1$
b11000000000111011111111111011 )
1+

#38650000
0!

#38655000
1!
b11110111010100010100111111110001 #
1$
b10000000000000000000011111101101 )
1+

#38660000
0!

#38665000
1!
b10101010010011001000011110110 #
1$
b1011010000000111001000100 )
1+

#38670000
0!

#38675000
1!
b101011111101110100110000111010 #
1$
b10011110010011110111111111111111 )
1+

#38680000
0!

#38685000
1!
b101111000011011010011000111110 #
1$
b10111101101001100000110111011001 )
1+

#38690000
0!

#38695000
1!
b10001111000100110010100011001011 #
1$
b100101011111000000110001100110 )
1+

#38700000
0!

#38705000
1!
b100110000101101001000100001000 #
1$
b11000110100111100111101111001 )
1+

#38710000
0!

#38715000
1!
b1110010110000111001010010011110 #
1$
b1001011001101000000000000000 )
1+

#38720000
0!

#38725000
1!
b11001001100010010110111111101111 #
1$
b1111111111111110111111111111111 )
1+

#38730000
0!

#38735000
1!
b10110100111010000101110000110101 #
1$
b10111000101000011010111011111000 )
1+

#38740000
0!

#38745000
1!
b10011011101001101111010011001110 #
1$
b1011110001111011110011110001011 )
1+

#38750000
0!

#38755000
1!
b110111110101111011010101011110 #
1$
b1000111110001100101110000010 )
1+

#38760000
0!

#38765000
1!
b10111000101010111011100101110000 #
1$
b10011000111101010111111111111 )
1+

#38770000
0!

#38775000
1!
b10111001110000111100101001011010 #
1$
b11011110111111100101001010101100 )
1+

#38780000
0!

#38785000
1!
b11101111100100011101100111100101 #
1$
b10000000000000000111101011100000 )
1+

#38790000
0!

#38795000
1!
b1101010100111101001000110001011 #
1$
b11001010100101000011101000111110 )
1+

#38800000
0!

#38805000
1!
b11101110111010001101001101001101 #
1$
b111001000110100000101010011010 )
1+

#38810000
0!

#38815000
1!
b11111000010001001000110010001101 #
1$
b11100001110001000011011111000001 )
1+

#38820000
0!

#38825000
1!
b11001011110100011000111000010010 #
1$
b101010001011001111100000101011 )
1+

#38830000
0!

#38835000
1!
b10011111011110010101111000011100 #
1$
b1011011110100001101101100000011 )
1+

#38840000
0!

#38845000
1!
b1000001001110010010111000000000 #
1$
b10010001001011011110010001011010 )
1+

#38850000
0!

#38855000
1!
b10011000000001010100001100000110 #
1$
b1111111111111111000000000000000 )
1+

#38860000
0!

#38865000
1!
b1111001001010010010111001101101 #
1$
b10000000000000001111001001100111 )
1+

#38870000
0!

#38875000
1!
b1010000010100101101000010100100 #
1$
b1101100110110010111100111111 )
1+

#38880000
0!

#38885000
1!
b1100000100111100010101001100111 #
1$
b110101111010000000010110100010 )
1+

#38890000
0!

#38895000
1!
b10111000001110110110000101111100 #
1$
b11001101011000010100110110101010 )
1+

#38900000
0!

#38905000
1!
b11111010110111100110110100111011 #
1$
b1101000111010110011110110000101 )
1+

#38910000
0!

#38915000
1!
b10000011001000111110100100101101 #
1$
b10111101101000110011101001001101 )
1+

#38920000
0!

#38925000
1!
b10001010100111010110000111000111 #
1$
b10111010101000110111111111111111 )
1+

#38930000
0!

#38935000
1!
b1110011001110110011111010100101 #
1$
b1010000000100111011010011101010 )
1+

#38940000
0!

#38945000
1!
b10000101011111101011011011011001 #
1$
b111001000101011000000000000000 )
1+

#38950000
0!

#38955000
1!
b1100011101111110001000000110110 #
1$
b1101101111000001101001010100011 )
1+

#38960000
0!

#38965000
1!
b101111100000001100100000011110 #
1$
b1010111001101010000110011001011 )
1+

#38970000
0!

#38975000
1!
b11010111000100111011010101100001 #
1$
b10001000111001100111111111111111 )
1+

#38980000
0!

#38985000
1!
b11111100101011001111111101011001 #
1$
b110001011110010001001001100010 )
1+

#38990000
0!

#38995000
1!
b10011010110110000010000010100010 #
1$
b100100010100001001101000001111 )
1+

#39000000
0!

#39005000
1!
b11000111100101001000011010010010 #
1$
b10101010011010001100101100100111 )
1+

#39010000
0!

#39015000
1!
b111101101011011100111101100111 #
1$
b11100010100011000001100011110000 )
1+

#39020000
0!

#39025000
1!
b1000111011010011110001011111100 #
1$
b11011010110001111001100001111000 )
1+

#39030000
0!

#39035000
1!
b10000010100011011011101001011100 #
1$
b10100100101111010110100011011100 )
1+

#39040000
0!

#39045000
1!
b11111111000010010011011110010010 #
1$
b11100011011011000100010000110001 )
1+

#39050000
0!

#39055000
1!
b100101011001111011100110101101 #
1$
b11101000001101101110011001111101 )
1+

#39060000
0!

#39065000
1!
b11100111011101110001011100011111 #
1$
b10101101011001101100111100001011 )
1+

#39070000
0!

#39075000
1!
b1100100110111000101001111110101 #
1$
b11110010001011110101011011011111 )
1+

#39080000
0!

#39085000
1!
b11010100110001000110110101111010 #
1$
b111000111001011111010111011 )
1+

#39090000
0!

#39095000
1!
b11100110110011011010110011111011 #
1$
b10011100100001100001101010010010 )
1+

#39100000
0!

#39105000
1!
b11111010000010011011101000101011 #
1$
b1000010000100000010011001111010 )
1+

#39110000
0!

#39115000
1!
b1101111010100011100010110101111 #
1$
b1110111000101000010001100000 )
1+

#39120000
0!

#39125000
1!
b1000010001101011101011110 #
1$
b100011000111100111111111111111 )
1+

#39130000
0!

#39135000
1!
b10111010111110011100100000001001 #
1$
b1111111111111111101100100001101 )
1+

#39140000
0!

#39145000
1!
b11011101001000100011010000011110 #
1$
b1111101010110101101001010000011 )
1+

#39150000
0!

#39155000
1!
b1011110010000001111100010111110 #
1$
b11111001100010001101000111011110 )
1+

#39160000
0!

#39165000
1!
b10101010010000011000110011111101 #
1$
b110000011000001100000010011000 )
1+

#39170000
0!

#39175000
1!
b10101100111011101011001110110000 #
1$
b11001000010100000110110101010 )
1+

#39180000
0!

#39185000
1!
b10001000001111111011111111100000 #
1$
b10010100000110010001010101001000 )
1+

#39190000
0!

#39195000
1!
b100110000111100100010110101011 #
1$
b1010100111001110001110000011101 )
1+

#39200000
0!

#39205000
1!
b1001011010110101010000110001111 #
1$
b10101001111110101110111110 )
1+

#39210000
0!

#39215000
1!
b10110001101101111001100000110110 #
1$
b10001100000001000001011111100001 )
1+

#39220000
0!

#39225000
1!
b1001101001001100010001010001010 #
1$
b10010100111100100000010101110 )
1+

#39230000
0!

#39235000
1!
b10000000011100101001010111000111 #
1$
b10101110001010110010110010111110 )
1+

#39240000
0!

#39245000
1!
b1010110000100110011001111101010 #
1$
b1000001111111111110001001101100 )
1+

#39250000
0!

#39255000
1!
b101001011000101010110111000110 #
1$
b11011000111011001101101001000 )
1+

#39260000
0!

#39265000
1!
b10001011000010110010000111100001 #
1$
b11100110001010100111111111111111 )
1+

#39270000
0!

#39275000
1!
b10000001000000101101100100011101 #
1$
b11000101101110001010011000011000 )
1+

#39280000
0!

#39285000
1!
b10111110011001111001001111001001 #
1$
b11111100001001010000001011111110 )
1+

#39290000
0!

#39295000
1!
b11000101101100011001011011001 #
1$
b1111001101101001000000000000000 )
1+

#39300000
0!

#39305000
1!
b1111100000111111000000011001111 #
1$
b11110111100100111111010101001101 )
1+

#39310000
0!

#39315000
1!
b10000010111000100100000011010100 #
1$
b1011100100011000111111111111111 )
1+

#39320000
0!

#39325000
1!
b1111011101101000110011101001011 #
1$
b11101010011110110101100100100111 )
1+

#39330000
0!

#39335000
1!
b11101110000111111011010110111011 #
1$
b10101111100100000100101000000111 )
1+

#39340000
0!

#39345000
1!
b100011101001111111101110101111 #
1$
b110001011000111111000111110111 )
1+

#39350000
0!

#39355000
1!
b110101110110110011100000101001 #
1$
b1111110011001101010101010 )
1+

#39360000
0!

#39365000
1!
b11001111100100011100110100001010 #
1$
b11110100101010010111111000011011 )
1+

#39370000
0!

#39375000
1!
b10111011110011110001100100001111 #
1$
b10100100100001101001001100110 )
1+

#39380000
0!

#39385000
1!
b11101111110010111000011110100010 #
1$
b100000100101010011011010001010 )
1+

#39390000
0!

#39395000
1!
b1000010101011101101001001001001 #
1$
b1110001011111100011001011111001 )
1+

#39400000
0!

#39405000
1!
b1111110101111001100101100101110 #
1$
b11100000010111111000000000000000 )
1+

#39410000
0!

#39415000
1!
b1000001100110100010101110001100 #
1$
b10000000000000000111111111111111 )
1+

#39420000
0!

#39425000
1!
b1101101111000100001111111110101 #
1$
b1110111101000001000000000000000 )
1+

#39430000
0!

#39435000
1!
b1101011110001000010111011100101 #
1$
b10001100000111110111111111111111 )
1+

#39440000
0!

#39445000
1!
b111010111110110110000011000010 #
1$
b1001010010111011111110011110000 )
1+

#39450000
0!

#39455000
1!
b10000111010111100110111110010011 #
1$
b10001000110100111000000000000000 )
1+

#39460000
0!

#39465000
1!
b110110110010001001101010100001 #
1$
b10000000000000000111111111111111 )
1+

#39470000
0!

#39475000
1!
b10011000111101100010001101000000 #
1$
b1111111111111111010111011111000 )
1+

#39480000
0!

#39485000
1!
b100100110111111101011100001000 #
1$
b11111011000110011011010101001101 )
1+

#39490000
0!

#39495000
1!
b1100101101111111101000101011010 #
1$
b111100111001000111111111111111 )
1+

#39500000
0!

#39505000
1!
b10111101111001010101001110011001 #
1$
b11101000001010001011000110000110 )
1+

#39510000
0!

#39515000
1!
b11110111110110100000011101100011 #
1$
b10000000000000000111111111111111 )
1+

#39520000
0!

#39525000
1!
b101001101011111111000101111000 #
1$
b101101001111111000101111010011 )
1+

#39530000
0!

#39535000
1!
b11101001000010101011000100101111 #
1$
b1100110010001100100001100111 )
1+

#39540000
0!

#39545000
1!
b11000011111010010011110101111101 #
1$
b11011101010111001110000011111011 )
1+

#39550000
0!

#39555000
1!
b10001011111101010101111000011010 #
1$
b11000010101011010110110101001 )
1+

#39560000
0!

#39565000
1!
b101011101101010010101010110111 #
1$
b11000011011111011110001010000000 )
1+

#39570000
0!

#39575000
1!
b100001101101010011100010011010 #
1$
b100100101111110000111001011 )
1+

#39580000
0!

#39585000
1!
b11010000101111001001110000000111 #
1$
b1001101100010011001001101011011 )
1+

#39590000
0!

#39595000
1!
b11000010100111011101000011111001 #
1$
b11000111001110000111111111111111 )
1+

#39600000
0!

#39605000
1!
b11100000000100011111100000001010 #
1$
b1011000100101110000001000001011 )
1+

#39610000
0!

#39615000
1!
b10101110000111000100100000000001 #
1$
b11000010111010000010000001001100 )
1+

#39620000
0!

#39625000
1!
b11101000000011011001100100011110 #
1$
b10000000000000001101110011100101 )
1+

#39630000
0!

#39635000
1!
b1111111011100101011010100001011 #
1$
b11011100111111010010011011001000 )
1+

#39640000
0!

#39645000
1!
b10001010100000111001110100010 #
1$
b10010010101101101011000000111010 )
1+

#39650000
0!

#39655000
1!
b1010001111001001010010010010101 #
1$
b101100010011110011011010111011 )
1+

#39660000
0!

#39665000
1!
b11110111111000011101110000100 #
1$
b1110110101101111011000110001000 )
1+

#39670000
0!

#39675000
1!
b110010100001101110100100000111 #
1$
b1100110101000001011001100010 )
1+

#39680000
0!

#39685000
1!
b10110010010101010110000001101100 #
1$
b1101110111101100111111111111111 )
1+

#39690000
0!

#39695000
1!
b11100100100110101001000110000111 #
1$
b10000000000000000010101101111000 )
1+

#39700000
0!

#39705000
1!
b11110010000010 #
1$
1(
b11110101000001110101111010000 )
1+

#39710000
0!

#39715000
1!
0$
b11001110011111101001110111 )
1+

#39720000
0!

#39725000
1!
b11111101100001101000111010100011 )
1+

#39730000
0!

#39735000
1!
b11100011111100010111111111111111 )
1+

#39740000
0!

#39745000
1!
b11000101011011100111100011100100 )
1+

#39750000
0!

#39755000
1!
b101010110000010011110001100000 )
1+

#39760000
0!

#39765000
1!
b10111010010111111001110100011 )
1+

#39770000
0!

#39775000
1!
b1001000110011111000000000000000 )
1+

#39780000
0!

#39785000
1!
b11101010101010000000011101011000 )
1+

#39790000
0!

#39795000
1!
b11101000001110011011101011101100 )
1+

#39800000
0!

#39805000
1!
b1011101100101 )
1+
1.

#39810000
0!

#39815000
1!
0*
1+

#39820000
0!

#39825000
1!

#39830000
0!

#39835000
1!

#39840000
0!

#39845000
1!

#39850000
0!

#39855000
1!
b11111010010000001111101001 )
1*
0.

#39860000
0!

#39865000
1!
b0 )
1+
1.

#39870000
0!

#39875000
1!
0*
1+
16

#39880000
0!

#39885000
1!
06
07
19
1:

#39890000
0!

#39895000
1!
17
09
0:

#39900000
0!

#39905000
1!
b100000000001110101 #
1$
0(

#39905010
1/

#39910000
0!

#39915000
1!
b1000000001111101000 #
1$
1(
0/
00
12
13

#39920000
0!

#39925000
1!
b1110011001100101111100100001011 #
1$
0%
0(
02
03
1=
1>

#39930000
0!

#39935000
1!
1%
10
0=
0>

#39940000
0!

#39945000
1!
b110011011011111110101001101011 #
1$
b100000000001110101 )
1*

#39950000
0!

#39955000
1!
b11011101001001000010111010011011 #
1$
0%
0*
1+

#39960000
0!

#39965000
1!

#39970000
0!

#39975000
1!

#39980000
0!

#39985000
1!

#39990000
0!

#39995000
1!
1%

#40000000
0!

#40005000
1!
b1110111100100110011100111010000 #
1$

#40010000
0!

#40015000
1!
b1001101011100100101010001000010 #
1$

#40020000
0!

#40025000
1!
b101101101011000001100101111011 #
1$

#40030000
0!

#40035000
1!
b11000100100000110011000110010111 #
1$

#40040000
0!

#40045000
1!
b1000000110101100110010011101100 #
1$

#40050000
0!

#40055000
1!
b1101000000100001111100100100010 #
1$

#40060000
0!

#40065000
1!
b100011100000110001000111100110 #
1$

#40070000
0!

#40075000
1!
b11100010001011111100110100010001 #
1$

#40080000
0!

#40085000
1!
b1111010111011110110101010001100 #
1$

#40090000
0!

#40095000
1!
b10001111000000111110100001100101 #
1$

#40100000
0!

#40105000
1!
b11010010011000001011111111110010 #
1$
b1101000111100010110001101010011 )
1*
0.

#40110000
0!

#40115000
1!
b1110110010011100010011010011011 #
1$
0*
1+

#40120000
0!

#40125000
1!
b11110100001011010010101001011 #
1$

#40130000
0!

#40135000
1!
b10011001000000010000100000110001 #
1$

#40140000
0!

#40145000
1!
b1111101100000101111111001110 #
1$
b10111100100000000101011111011100 )
1*

#40150000
0!

#40155000
1!
b1111111100011011011111111100111 #
1$
0*
1+

#40160000
0!

#40165000
1!
b1101101111001111000001011011001 #
1$

#40170000
0!

#40175000
1!
b11001111000111001010100101110001 #
1$

#40180000
0!

#40185000
1!
b10111111110011101111010011000100 #
1$
b11101111001001111100100101011011 )
1*

#40190000
0!

#40195000
1!
b11000100101111011100111100110111 #
1$
0*
1+

#40200000
0!

#40205000
1!
b10110111111001001010011000110001 #
1$

#40210000
0!

#40215000
1!
b10110001100101111001111011111101 #
1$

#40220000
0!

#40225000
1!
b11001101101100001100101111111011 #
1$
b11011100010010010000111100100101 )
1*

#40230000
0!

#40235000
1!
b1001001001000110111100001011110 #
1$
0*
1+

#40240000
0!

#40245000
1!
b110111110100010111000111100 #
1$

#40250000
0!

#40255000
1!
b10111001010100010001101011011111 #
1$

#40260000
0!

#40265000
1!
b1010110000101000011011011011110 #
1$
b1000001000001100010100110010011 )
1*

#40270000
0!

#40275000
1!
b11101111100011100001000000111100 #
1$
0*
1+

#40280000
0!

#40285000
1!
b10100111010101100110111011101000 #
1$

#40290000
0!

#40295000
1!
b100000100010100010000101101010 #
1$

#40300000
0!

#40305000
1!
b10001101101100011111100110010011 #
1$
b11001010101010010101111000110000 )
1*

#40310000
0!

#40315000
1!
b10000101101110001001101101110110 #
1$
0*
1+

#40320000
0!

#40325000
1!
b1000111110011001111111011111010 #
1$

#40330000
0!

#40335000
1!
b11001110110110100001010110001100 #
1$

#40340000
0!

#40345000
1!
b11110101100000010100001111010 #
1$
b110011001110111100011010011011 )
1*

#40350000
0!

#40355000
1!
b11110010000101010000001100110111 #
1$
0*
1+

#40360000
0!

#40365000
1!
b1111110011100010010101111001111 #
1$

#40370000
0!

#40375000
1!
b10010110011111101101001000101111 #
1$

#40380000
0!

#40385000
1!
b1111100001000100110010110110101 #
1$
b1111001000000101111001010100111 )
1*

#40390000
0!

#40395000
1!
b110001110011010110100101101110 #
1$
0*
1+

#40400000
0!

#40405000
1!
b1111111010000000000101001110011 #
1$

#40410000
0!

#40415000
1!
b10101111011111010000010100110101 #
1$

#40420000
0!

#40425000
1!
b11001011011000011111100110110000 #
1$
b10001101001111011011001100010 )
1*

#40430000
0!

#40435000
1!
b10011110001101101001100111111001 #
1$
0*
1+

#40440000
0!

#40445000
1!
b1111101010110111001101110001111 #
1$

#40450000
0!

#40455000
1!
b11001010110001110101101011100000 #
1$

#40460000
0!

#40465000
1!
b10111111100000011100000101001101 #
1$
b11110011110101010100110010011100 )
1*

#40470000
0!

#40475000
1!
b1011001010001100010010011110 #
1$
0*
1+

#40480000
0!

#40485000
1!
b1100010010001110001101010001010 #
1$

#40490000
0!

#40495000
1!
b1011100110000101101100010100 #
1$

#40500000
0!

#40505000
1!
b10000011111001001011111011010010 #
1$
b10100111000010110001010000010100 )
1*

#40510000
0!

#40515000
1!
b11010011001101101011101010111010 #
1$
0*
1+

#40520000
0!

#40525000
1!
b100001100011101011111010100010 #
1$

#40530000
0!

#40535000
1!
b11111010001011110001101111010010 #
1$

#40540000
0!

#40545000
1!
b10110110101010110001100000001010 #
1$
b1001010010010000100111111100100 )
1*

#40550000
0!

#40555000
1!
b11011001100100001100101010010110 #
1$
0*
1+

#40560000
0!

#40565000
1!
b11101101100000101110100001011000 #
1$

#40570000
0!

#40575000
1!
b10000010110100110111101010011010 #
1$

#40580000
0!

#40585000
1!
b11111100010011111010100011000 #
1$
b1111111111111111110111111110010 )
1*

#40590000
0!

#40595000
1!
b1011001110110001000001100011101 #
1$
0*
1+

#40600000
0!

#40605000
1!
b10101010110001101110110000100000 #
1$

#40610000
0!

#40615000
1!
b1001011000011100110011011011110 #
1$

#40620000
0!

#40625000
1!
b11100101101111111101010111110100 #
1$
b11011111011110101111101111111110 )
1*

#40630000
0!

#40635000
1!
b11000011100101011000111000011101 #
1$
0*
1+

#40640000
0!

#40645000
1!
b10011001000011000011101110101 #
1$

#40650000
0!

#40655000
1!
b10101101110010101100001010111001 #
1$

#40660000
0!

#40665000
1!
b11001110001110101101101000110100 #
1$
b1010111001000010110010101011111 )
1*

#40670000
0!

#40675000
1!
b1010000001110000101101011111010 #
1$
0*
1+

#40680000
0!

#40685000
1!
b11101111110111100100100010000011 #
1$

#40690000
0!

#40695000
1!
b1110110011110110010111100101011 #
1$

#40700000
0!

#40705000
1!
b11000101111010101101111001111101 #
1$
b1111100001010011000100001001110 )
1*

#40710000
0!

#40715000
1!
b10111100110110001011010000011100 #
1$
0*
1+

#40720000
0!

#40725000
1!
b1001001011001001101110000111 #
1$

#40730000
0!

#40735000
1!
b1001111010001101100001100111010 #
1$

#40740000
0!

#40745000
1!
b1001011101100010011000010001011 #
1$
b1100011111000101100001100001000 )
1*

#40750000
0!

#40755000
1!
b10111100101001101101001000001000 #
1$
0*
1+

#40760000
0!

#40765000
1!
b10110010001100110001110001101010 #
1$

#40770000
0!

#40775000
1!
b11010101000111101001111110000101 #
1$

#40780000
0!

#40785000
1!
b11100110111011111110101001110011 #
1$
b11101110101011100011111101010100 )
1*

#40790000
0!

#40795000
1!
b10110000010001000111111111010111 #
1$
0*
1+

#40800000
0!

#40805000
1!
b10101101000110000111110000111000 #
1$

#40810000
0!

#40815000
1!
b111101111000100101110011100101 #
1$

#40820000
0!

#40825000
1!
b11001110101000000110000011011111 #
1$
b100001110001011000000000000000 )
1*

#40830000
0!

#40835000
1!
b1101101100010010001111111101011 #
1$
0*
1+

#40840000
0!

#40845000
1!
b1000101001011110001001010101 #
1$

#40850000
0!

#40855000
1!
b10001000100001100101111110000100 #
1$

#40860000
0!

#40865000
1!
b111000001010110001110100110110 #
1$
b1111111111111110000111100101101 )
1*

#40870000
0!

#40875000
1!
b10101110010011001000100110011010 #
1$
0*
1+

#40880000
0!

#40885000
1!
b11101010000101110110100101101100 #
1$

#40890000
0!

#40895000
1!
b11101111101100111111110001111010 #
1$

#40900000
0!

#40905000
1!
b10001011000010111100010000000111 #
1$
b10000000000000001000000100100101 )
1*

#40910000
0!

#40915000
1!
b1101000000100001101100010010110 #
1$
0*
1+

#40920000
0!

#40925000
1!
b11000111111100000100010001010110 #
1$

#40930000
0!

#40935000
1!
b11010101101001001011001100100 #
1$

#40940000
0!

#40945000
1!
b11000001011110010010111011001100 #
1$
b1101001110001000010101110000101 )
1*

#40950000
0!

#40955000
1!
b10110010101000000111111111010 #
1$
0*
1+

#40960000
0!

#40965000
1!
b1011010001011011101100000000101 #
1$

#40970000
0!

#40975000
1!
b10101110000110110101001100011010 #
1$

#40980000
0!

#40985000
1!
b11101011110001011001111101101110 #
1$
b1001101011100001110110101001010 )
1*

#40990000
0!

#40995000
1!
b110100001110000100111001010 #
1$
0*
1+

#41000000
0!

#41005000
1!
b10011010101001111110111000110001 #
1$

#41010000
0!

#41015000
1!
b11000100101001111010100010111 #
1$

#41020000
0!

#41025000
1!
b1111111110110000101101101011101 #
1$
b10000000000000001111101111011100 )
1*

#41030000
0!

#41035000
1!
b1001110100111101101000110110000 #
1$
0*
1+

#41040000
0!

#41045000
1!
b100101111001000110001110011 #
1$

#41050000
0!

#41055000
1!
b10110011111011111110010100001011 #
1$

#41060000
0!

#41065000
1!
b10011011011001011101100111111010 #
1$
b101000000110100000101111101010 )
1*

#41070000
0!

#41075000
1!
b1100000011011001110101111010101 #
1$
0*
1+

#41080000
0!

#41085000
1!
b111101000000011000001011010000 #
1$

#41090000
0!

#41095000
1!
b1000100110001101111111000010111 #
1$

#41100000
0!

#41105000
1!
b11110111110100110000000111101101 #
1$
b11010101101110101101110110110111 )
1*

#41110000
0!

#41115000
1!
b10001100001100001100010111000100 #
1$
0*
1+

#41120000
0!

#41125000
1!
b10010011101000001101001011101 #
1$

#41130000
0!

#41135000
1!
b1100101011111101100000000 #
1$

#41140000
0!

#41145000
1!
b10001011010111011001000101110100 #
1$
b110010011000111000000000000000 )
1*

#41150000
0!

#41155000
1!
b11100010110101010101010111101010 #
1$
0*
1+

#41160000
0!

#41165000
1!
b100110000100101110010101111101 #
1$

#41170000
0!

#41175000
1!
b10100010001110010010000001011100 #
1$

#41180000
0!

#41185000
1!
b11000101010000100000001000010101 #
1$
b10101100011000100010010100100001 )
1*

#41190000
0!

#41195000
1!
b10111001011111001111111000000010 #
1$
0*
1+

#41200000
0!

#41205000
1!
b111101010111000010110000000011 #
1$

#41210000
0!

#41215000
1!
b11100010110011101101111100000011 #
1$

#41220000
0!

#41225000
1!
b100100010000101110101000110011 #
1$
b1001111000001000010001010011000 )
1*

#41230000
0!

#41235000
1!
b11100110001111101011101111011100 #
1$
0*
1+

#41240000
0!

#41245000
1!
b11101101101001100010101011111010 #
1$

#41250000
0!

#41255000
1!
b10011111100111000000101110111000 #
1$

#41260000
0!

#41265000
1!
b11101101101110000100011100110001 #
1$
b11001000010100111011000011010000 )
1*

#41270000
0!

#41275000
1!
b1111111100110101001010110100001 #
1$
0*
1+

#41280000
0!

#41285000
1!
b1000000011111001101101101111100 #
1$

#41290000
0!

#41295000
1!
b110001010001010001010110100110 #
1$

#41300000
0!

#41305000
1!
b1001110101010001110000000011100 #
1$
b1111111111111110100000001101110 )
1*

#41310000
0!

#41315000
1!
b10010000001111000111010100001011 #
1$
0*
1+

#41320000
0!

#41325000
1!
b1001100110000110111000101110011 #
1$

#41330000
0!

#41335000
1!
b1001011011111001001111001001101 #
1$

#41340000
0!

#41345000
1!
b101000111010111001101010110010 #
1$
b1000111000000110100000101111101 )
1*

#41350000
0!

#41355000
1!
b1101010000101001011001101000001 #
1$
0*
1+

#41360000
0!

#41365000
1!
b10010000001011001110001111100111 #
1$

#41370000
0!

#41375000
1!
b10010110111110110110111111110100 #
1$

#41380000
0!

#41385000
1!
b1101011111010000110111101001101 #
1$
b110101011111111111001111111100 )
1*

#41390000
0!

#41395000
1!
b11101001000110011001110101010110 #
1$
0*
1+

#41400000
0!

#41405000
1!
b1110010000000001010100001110010 #
1$

#41410000
0!

#41415000
1!
b11111001110101111011001101110011 #
1$

#41420000
0!

#41425000
1!
b11101111000110100110000001010111 #
1$
b11011101110001110010010000001100 )
1*

#41430000
0!

#41435000
1!
b1001110011110110101011110011101 #
1$
0*
1+

#41440000
0!

#41445000
1!
b11110110111110101110101100100001 #
1$

#41450000
0!

#41455000
1!
b10101101100111001110001101010111 #
1$

#41460000
0!

#41465000
1!
b11101101111010010010010010100000 #
1$
b11100011110010010010000101100000 )
1*

#41470000
0!

#41475000
1!
b10110101000100110011101101110110 #
1$
0*
1+

#41480000
0!

#41485000
1!
b1100111100001101110100110100010 #
1$

#41490000
0!

#41495000
1!
b1011010001001000111011000010101 #
1$

#41500000
0!

#41505000
1!
b10100000000111110010001001000111 #
1$
b1111111111111111000000000000000 )
1*

#41510000
0!

#41515000
1!
b11011000100010000000000010101110 #
1$
0*
1+

#41520000
0!

#41525000
1!
b1001111111010101011001111100100 #
1$

#41530000
0!

#41535000
1!
b10000110000010100000101001110111 #
1$

#41540000
0!

#41545000
1!
b10000000110100011000111010111001 #
1$
b10000000000000000110000111000011 )
1*

#41550000
0!

#41555000
1!
b10101111011110010001100010100000 #
1$
0*
1+

#41560000
0!

#41565000
1!
b1101110010011111101000110110100 #
1$

#41570000
0!

#41575000
1!
b11111011010000011011011110010100 #
1$

#41580000
0!

#41585000
1!
b10101100110000011101010100110001 #
1$
b1110100010111000100011100000110 )
1*

#41590000
0!

#41595000
1!
b10110110101000010100000001101010 #
1$
0*
1+

#41600000
0!

#41605000
1!
b10100010110100100011111110111000 #
1$

#41610000
0!

#41615000
1!
b10010110010100010001111001010 #
1$

#41620000
0!

#41625000
1!
b10110011100101010100011101001011 #
1$
b100000100001011111111111110001 )
1*

#41630000
0!

#41635000
1!
b11110101011100011000001000001 #
1$
0*
1+

#41640000
0!

#41645000
1!
b1111010001110010100100100101100 #
1$

#41650000
0!

#41655000
1!
b11110100000100111011110101000 #
1$

#41660000
0!

#41665000
1!
b10111100010010100010101001010010 #
1$
b1001000011110001101111011011010 )
1*

#41670000
0!

#41675000
1!
b10101001111111101000010111100001 #
1$
0*
1+

#41680000
0!

#41685000
1!
b11001000001001100101001100001000 #
1$

#41690000
0!

#41695000
1!
b11111010111111101000001001010111 #
1$

#41700000
0!

#41705000
1!
b10110110100001011000100010001001 #
1$
b11001101110001100111111111111111 )
1*

#41710000
0!

#41715000
1!
b10000001110101111100000001001000 #
1$
0*
1+

#41720000
0!

#41725000
1!
b1001010011110111000111100011011 #
1$

#41730000
0!

#41735000
1!
b1111100011100001101111011011 #
1$

#41740000
0!

#41745000
1!
b111010000010010010101110011101 #
1$
b1111111111111111011010111001011 )
1*

#41750000
0!

#41755000
1!
b11100101011001010111101001101011 #
1$
0*
1+

#41760000
0!

#41765000
1!
b10111010000110100110001110001110 #
1$

#41770000
0!

#41775000
1!
b11011100101111111111000111101 #
1$

#41780000
0!

#41785000
1!
b11101010101111000001101111001010 #
1$
b1111101111100001111100100010 )
1*

#41790000
0!

#41795000
1!
b11000111110111100000000011110100 #
1$
0*
1+

#41800000
0!

#41805000
1!
b1011001111111010100100101010110 #
1$

#41810000
0!

#41815000
1!
b1111000100101010001001001010010 #
1$

#41820000
0!

#41825000
1!
b1001000101001111101111101110000 #
1$
b10111100100010111100001110111011 )
1*

#41830000
0!

#41835000
1!
b1100101101101011111000101100100 #
1$
0*
1+

#41840000
0!

#41845000
1!
b10111111011000111110101000101 #
1$

#41850000
0!

#41855000
1!
b11000000000101100110001111111111 #
1$

#41860000
0!

#41865000
1!
b1011000100000011101111111100010 #
1$
b11110000001011010011100100101110 )
1*

#41870000
0!

#41875000
1!
b111010011001000010101010010110 #
1$
0*
1+

#41880000
0!

#41885000
1!
b10100100111101100011011000011100 #
1$

#41890000
0!

#41895000
1!
b1111011101010011011101001111000 #
1$

#41900000
0!

#41905000
1!
b1110000110101000000100010010010 #
1$
b100111001010101001110001011101 )
1*

#41910000
0!

#41915000
1!
b11011111100100011000100011110101 #
1$
0*
1+

#41920000
0!

#41925000
1!
b11110010101011000010100010111111 #
1$

#41930000
0!

#41935000
1!
b11101000110111110101100010000000 #
1$

#41940000
0!

#41945000
1!
b1000011000100011001001001 #
1$
b11100010111100100011000111001 )
1*

#41950000
0!

#41955000
1!
b11000100101111110101110101101100 #
1$
0*
1+

#41960000
0!

#41965000
1!
b10101001000001010011110011101100 #
1$

#41970000
0!

#41975000
1!
b1110000011111001101111000001001 #
1$

#41980000
0!

#41985000
1!
b101011110001011001100110010101 #
1$
b11001000011101001000000000000000 )
1*

#41990000
0!

#41995000
1!
b1111100011000011011011000000001 #
1$
0*
1+

#42000000
0!

#42005000
1!
b110010101111111110011001101110 #
1$

#42010000
0!

#42015000
1!
b11010011001000100110101000011101 #
1$

#42020000
0!

#42025000
1!
b1001101000011110010000111011010 #
1$
b10101100110110010010110010101010 )
1*

#42030000
0!

#42035000
1!
b10111110010010010010110110000011 #
1$
0*
1+

#42040000
0!

#42045000
1!
b1111111101100011111010100010000 #
1$

#42050000
0!

#42055000
1!
b11100010010111011001000110101010 #
1$

#42060000
0!

#42065000
1!
b11101010100110011100110011110101 #
1$
b11010010001111011100100001000011 )
1*

#42070000
0!

#42075000
1!
b110001000000011001110100111001 #
1$
0*
1+

#42080000
0!

#42085000
1!
b11001110000001101001101001110001 #
1$

#42090000
0!

#42095000
1!
b11110001110110101111111000100001 #
1$

#42100000
0!

#42105000
1!
b11011001010001011010100100100000 #
1$
b1111100100101110000101010101 )
1*

#42110000
0!

#42115000
1!
b10000110000101100010110101001000 #
1$
0*
1+

#42120000
0!

#42125000
1!
b10110011101100101100110110100 #
1$

#42130000
0!

#42135000
1!
b10011010111110100001101010011 #
1$

#42140000
0!

#42145000
1!
b11011001011010010111110011010101 #
1$
b101000010010111000100111011 )
1*

#42150000
0!

#42155000
1!
b11011110111100011000010110001110 #
1$
0*
1+

#42160000
0!

#42165000
1!
b10001001101111100100010110100110 #
1$

#42170000
0!

#42175000
1!
b11001111000011000001001101111011 #
1$

#42180000
0!

#42185000
1!
b111100100111100011111110001001 #
1$
b10000000000000001110001011011100 )
1*

#42190000
0!

#42195000
1!
b11111101101011011001111011101010 #
1$
0*
1+

#42200000
0!

#42205000
1!
b10101111010111111111111101111101 #
1$

#42210000
0!

#42215000
1!
b10100001111010011000101011111001 #
1$

#42220000
0!

#42225000
1!
b11111011011100111011001111011001 #
1$
b1111111111111110010011011110111 )
1*

#42230000
0!

#42235000
1!
b11111000110111001111000101011110 #
1$
0*
1+

#42240000
0!

#42245000
1!
b11110101110011000110001010100010 #
1$

#42250000
0!

#42255000
1!
b10111000010011010111010011011 #
1$

#42260000
0!

#42265000
1!
b11011001010110100111100101111100 #
1$
b11110101000100100100000101011001 )
1*

#42270000
0!

#42275000
1!
b11100100111111111000111111011101 #
1$
0*
1+

#42280000
0!

#42285000
1!
b11010100001011010010001001001111 #
1$

#42290000
0!

#42295000
1!
b11111011100000000011100001111 #
1$

#42300000
0!

#42305000
1!
b10001000101111101000110101111000 #
1$
b1101101010001011001011001010110 )
1*

#42310000
0!

#42315000
1!
b110100001010000010111110101000 #
1$
0*
1+

#42320000
0!

#42325000
1!
b1001101011010101100110111110011 #
1$

#42330000
0!

#42335000
1!
b11011101101000010011001111101100 #
1$

#42340000
0!

#42345000
1!
b10000111100110101010001011101101 #
1$
b10011011010100100110001110101100 )
1*

#42350000
0!

#42355000
1!
b110100000010111100000101110010 #
1$
0*
1+

#42360000
0!

#42365000
1!
b100010011100010010001011100001 #
1$

#42370000
0!

#42375000
1!
b1000000111001011101000010001111 #
1$

#42380000
0!

#42385000
1!
b10100011110100111001010111100000 #
1$
b11101000111100011101111110111110 )
1*

#42390000
0!

#42395000
1!
b10010010111101111110101111101 #
1$
0*
1+

#42400000
0!

#42405000
1!
b11100010101100010010101101110100 #
1$

#42410000
0!

#42415000
1!
b10001111111100001010000111010100 #
1$

#42420000
0!

#42425000
1!
b100010100011000110000111000111 #
1$
b11001100010010011000000000000000 )
1*

#42430000
0!

#42435000
1!
b1011000101011110110101110 #
1$
0*
1+

#42440000
0!

#42445000
1!
b1001110000001010111001010001111 #
1$

#42450000
0!

#42455000
1!
b11011010000100010001111010100111 #
1$

#42460000
0!

#42465000
1!
b11101000100101111010011101011010 #
1$
b10101011011111100101100111101000 )
1*

#42470000
0!

#42475000
1!
b11000010100000101100011101011111 #
1$
0*
1+

#42480000
0!

#42485000
1!
b11111100111001000010010100010001 #
1$

#42490000
0!

#42495000
1!
b11111001101001100000000101011011 #
1$

#42500000
0!

#42505000
1!
b10010010001111011000010101100111 #
1$
b10010100010101111011110010011111 )
1*

#42510000
0!

#42515000
1!
b1110101011110011101010111100011 #
1$
0*
1+

#42520000
0!

#42525000
1!
b1010010101101110101101001110001 #
1$

#42530000
0!

#42535000
1!
b1011001011011010111010001001011 #
1$

#42540000
0!

#42545000
1!
b11111101010000000101010101101000 #
1$
b1110010111011101010100001010 )
1*

#42550000
0!

#42555000
1!
b11100000101111011010100110111011 #
1$
0*
1+

#42560000
0!

#42565000
1!
b111001011101001100010010001011 #
1$

#42570000
0!

#42575000
1!
b1111100111001000000010101001100 #
1$

#42580000
0!

#42585000
1!
b1000001011001111100010101010000 #
1$
b101001001101011100010110001 )
1*

#42590000
0!

#42595000
1!
b10010111010111011010110111001110 #
1$
0*
1+

#42600000
0!

#42605000
1!
b1001100111110100010110100101000 #
1$

#42610000
0!

#42615000
1!
b11110100011010000101001001011110 #
1$

#42620000
0!

#42625000
1!
b10000011001100001111101101010101 #
1$
b1011101011110110011110110001010 )
1*

#42630000
0!

#42635000
1!
b11000001000111001001100100000001 #
1$
0*
1+

#42640000
0!

#42645000
1!
b1100111110101000111011100010110 #
1$

#42650000
0!

#42655000
1!
b11111100110000100110110100000011 #
1$

#42660000
0!

#42665000
1!
b111111000111000000111111111111 #
1$
b10011011011111110001010110011101 )
1*

#42670000
0!

#42675000
1!
b11110000111011010001100111100111 #
1$
0*
1+

#42680000
0!

#42685000
1!
b10000010000000101110010111111101 #
1$

#42690000
0!

#42695000
1!
b11010111110111100001100001010 #
1$

#42700000
0!

#42705000
1!
b11001000011000001010101010100000 #
1$
b11011101011110111010011001000000 )
1*

#42710000
0!

#42715000
1!
b10100011100100010100101101000101 #
1$
0*
1+

#42720000
0!

#42725000
1!
b101111101001000010011001100110 #
1$

#42730000
0!

#42735000
1!
b11100100100000010111110001101 #
1$

#42740000
0!

#42745000
1!
b10111111010011100101111000011111 #
1$
b11010110000011011110000001011110 )
1*

#42750000
0!

#42755000
1!
b10001100000100110000111011100100 #
1$
0*
1+

#42760000
0!

#42765000
1!
b1010000101101001101011010011101 #
1$

#42770000
0!

#42775000
1!
b110010100101100110000001011011 #
1$

#42780000
0!

#42785000
1!
b10100000101111010111011111000000 #
1$
b1111111111111111100011110111001 )
1*

#42790000
0!

#42795000
1!
b1001000010100001010111011101111 #
1$
0*
1+

#42800000
0!

#42805000
1!
b11100010101101010010110100001110 #
1$

#42810000
0!

#42815000
1!
b1001000111101001111000000111011 #
1$

#42820000
0!

#42825000
1!
b1011011100001100100010000000011 #
1$
b10011100100100010001100100000 )
1*

#42830000
0!

#42835000
1!
b10101000001010001001000011100010 #
1$
0*
1+

#42840000
0!

#42845000
1!
b11111011001110001101011000011010 #
1$

#42850000
0!

#42855000
1!
b1000100101010011010000010100100 #
1$

#42860000
0!

#42865000
1!
b1110100111110011111000111110100 #
1$
b1001101110000101011010101011 )
1*

#42870000
0!

#42875000
1!
b101001110101010110110110011000 #
1$
0*
1+

#42880000
0!

#42885000
1!
b100111100101000101100000000010 #
1$

#42890000
0!

#42895000
1!
b1110100101011111001101000001110 #
1$

#42900000
0!

#42905000
1!
b10100000011011010010110001010100 #
1$
b110100111100011000000000000000 )
1*

#42910000
0!

#42915000
1!
b11101100100100001001111011000 #
1$
0*
1+

#42920000
0!

#42925000
1!
b110101100100101110001110011111 #
1$

#42930000
0!

#42935000
1!
b11100010100100100101000000011011 #
1$

#42940000
0!

#42945000
1!
b10110001011101111110011001110 #
1$
b11100110110010110100101100001100 )
1*

#42950000
0!

#42955000
1!
b11110011000011000001111111001101 #
1$
0*
1+

#42960000
0!

#42965000
1!
b10010001111010010000110001011111 #
1$

#42970000
0!

#42975000
1!
b11100010010111111110110100111100 #
1$

#42980000
0!

#42985000
1!
b10000000011100111100010011100010 #
1$
b10011110010101111101110100101110 )
1*

#42990000
0!

#42995000
1!
b110111011100100100010100100001 #
1$
0*
1+

#43000000
0!

#43005000
1!
b1100100101000100100001101111101 #
1$

#43010000
0!

#43015000
1!
b10101101101110100110100011110110 #
1$

#43020000
0!

#43025000
1!
b1100011101101110011100010110110 #
1$
b11100000000110001001001101100000 )
1*

#43030000
0!

#43035000
1!
b10111111010000010001011110010101 #
1$
0*
1+

#43040000
0!

#43045000
1!
b10000110110001101110000100110101 #
1$

#43050000
0!

#43055000
1!
b11010001101000100101001110100100 #
1$

#43060000
0!

#43065000
1!
b11110001000100111001000100101100 #
1$
b1001011001101011010110011111101 )
1*

#43070000
0!

#43075000
1!
b1010110111010110010001010111010 #
1$
0*
1+

#43080000
0!

#43085000
1!
b10011011110111010010100110001 #
1$

#43090000
0!

#43095000
1!
b10010101011110111111001011001101 #
1$

#43100000
0!

#43105000
1!
b10110101111101100011000110100101 #
1$
b10000000000000001011001101111111 )
1*

#43110000
0!

#43115000
1!
b111001100110101100011001110110 #
1$
0*
1+

#43120000
0!

#43125000
1!
b11111101111100000011001110100111 #
1$

#43130000
0!

#43135000
1!
b11011011011000001101100011100 #
1$

#43140000
0!

#43145000
1!
b10100100101001100110011011100010 #
1$
b1010011111011010111111111111111 )
1*

#43150000
0!

#43155000
1!
b10100011111001000010101010101 #
1$
0*
1+

#43160000
0!

#43165000
1!
b11010001110101101101001011101101 #
1$

#43170000
0!

#43175000
1!
b10001100001010100011000111011000 #
1$

#43180000
0!

#43185000
1!
b11011111011100101111111000011011 #
1$
b101110111111011000000000000000 )
1*

#43190000
0!

#43195000
1!
b10111100010110101010111001111 #
1$
0*
1+

#43200000
0!

#43205000
1!
b10100001001100111000011101000 #
1$

#43210000
0!

#43215000
1!
b11001110011100001000001111100100 #
1$

#43220000
0!

#43225000
1!
b11110100100101011111111001001000 #
1$
b1100101011000111111111111111 )
1*

#43230000
0!

#43235000
1!
b11010011111100111000110111101010 #
1$
0*
1+

#43240000
0!

#43245000
1!
b11111000100111001011010001001111 #
1$

#43250000
0!

#43255000
1!
b1001001101100001101110011110010 #
1$

#43260000
0!

#43265000
1!
b100010110100010010000110011101 #
1$
b11010011110111001001101010101111 )
1*

#43270000
0!

#43275000
1!
b11110001110100110011000110000000 #
1$
0*
1+

#43280000
0!

#43285000
1!
b10101101110101101101010110011001 #
1$

#43290000
0!

#43295000
1!
b10111010001011111101111100010011 #
1$

#43300000
0!

#43305000
1!
b1000001100100011110101101101001 #
1$
b100100110000111100011011011111 )
1*

#43310000
0!

#43315000
1!
b11001001101101100110101010011100 #
1$
0*
1+

#43320000
0!

#43325000
1!
b110010101111111101100101101001 #
1$

#43330000
0!

#43335000
1!
b10100101110000100110011001111011 #
1$

#43340000
0!

#43345000
1!
b10100100001100111111101000000100 #
1$
b11001101111010010011111000001001 )
1*

#43350000
0!

#43355000
1!
b1010111111101101101001100010100 #
1$
0*
1+

#43360000
0!

#43365000
1!
b100111100110001110101000000100 #
1$

#43370000
0!

#43375000
1!
b10100101011011011111101100000011 #
1$

#43380000
0!

#43385000
1!
b1101000010010000000011011100010 #
1$
b1110011101101101001100011000000 )
1*

#43390000
0!

#43395000
1!
b1011001101110100101100000111110 #
1$
0*
1+

#43400000
0!

#43405000
1!
b1101011111001010111100110010 #
1$

#43410000
0!

#43415000
1!
b11011110101000101000000011000110 #
1$

#43420000
0!

#43425000
1!
b10111000111010110001001101000100 #
1$
b11001000110001101010010000110111 )
1*

#43430000
0!

#43435000
1!
b11010110110010110111110101110101 #
1$
0*
1+

#43440000
0!

#43445000
1!
b110010001110010010000010101101 #
1$

#43450000
0!

#43455000
1!
b10110100001000001100110110010010 #
1$

#43460000
0!

#43465000
1!
b1000000111000001000001111110001 #
1$
b100000100010011100110001000 )
1*

#43470000
0!

#43475000
1!
b1111000111111011011011111101111 #
1$
0*
1+

#43480000
0!

#43485000
1!
b111010100110011111101111010000 #
1$

#43490000
0!

#43495000
1!
b10010011111000011010101001011101 #
1$

#43500000
0!

#43505000
1!
b11000000110100100111011110000101 #
1$
b1100101110011100000101101000100 )
1*

#43510000
0!

#43515000
1!
b10011110010101011000100110100010 #
1$
0*
1+

#43520000
0!

#43525000
1!
b10110000101100110001001100100 #
1$

#43530000
0!

#43535000
1!
b11000000001010110001111111111011 #
1$

#43540000
0!

#43545000
1!
b11001101011110000101100100011011 #
1$
b10000000000000000111110101101011 )
1*

#43550000
0!

#43555000
1!
b10000111010101111000101100010100 #
1$
0*
1+

#43560000
0!

#43565000
1!
b100011111011000100100010011001 #
1$

#43570000
0!

#43575000
1!
b110000001000001011000011001100 #
1$

#43580000
0!

#43585000
1!
b1111010101000100000100100001 #
1$
b1111111111111110001100000110110 )
1*

#43590000
0!

#43595000
1!
b10011011010101110010001010111011 #
1$
0*
1+

#43600000
0!

#43605000
1!
b110011011110010101000000100010 #
1$

#43610000
0!

#43615000
1!
b1101101101101101010000001110100 #
1$

#43620000
0!

#43625000
1!
b1100111101101010111100111000101 #
1$
b11110011011100011011011000111011 )
1*

#43630000
0!

#43635000
1!
b1110111101000101110001100011110 #
1$
0*
1+

#43640000
0!

#43645000
1!
b1011111100010010001011000001110 #
1$

#43650000
0!

#43655000
1!
b110101011100010101110000010100 #
1$

#43660000
0!

#43665000
1!
b10101101000101011000110110011000 #
1$
b10110100010101100100000000001111 )
1*

#43670000
0!

#43675000
1!
b1111111100001010011011111011111 #
1$
0*
1+

#43680000
0!

#43685000
1!
b10111000001001111001110000010101 #
1$

#43690000
0!

#43695000
1!
b11100010011111001010000111011110 #
1$

#43700000
0!

#43705000
1!
b1110000100111100011001001110111 #
1$
b100110000100010011011011001010 )
1*

#43710000
0!

#43715000
1!
b1111110100100001100010011101011 #
1$
0*
1+

#43720000
0!

#43725000
1!
b11001111010111111111001010001000 #
1$

#43730000
0!

#43735000
1!
b1110000010011100100100100011010 #
1$

#43740000
0!

#43745000
1!
b10101001100010001100101000110010 #
1$
b11101000100110000011111110111010 )
1*

#43750000
0!

#43755000
1!
b10111100000111111110001010110100 #
1$
0*
1+

#43760000
0!

#43765000
1!
b10001111101100011011011000110011 #
1$

#43770000
0!

#43775000
1!
b110000010101001100011011100110 #
1$

#43780000
0!

#43785000
1!
b10010010101001110101000001110001 #
1$
b10110010001011011000000000000000 )
1*

#43790000
0!

#43795000
1!
b1101110110001001011101110010 #
1$
0*
1+

#43800000
0!

#43805000
1!
b11110000001010100100100101010110 #
1$

#43810000
0!

#43815000
1!
b11001110110010100011010000110111 #
1$

#43820000
0!

#43825000
1!
b111010011101101001110011010101 #
1$
b11001100110000001101010010110011 )
1*

#43830000
0!

#43835000
1!
b100011111110010101100111011101 #
1$
0*
1+

#43840000
0!

#43845000
1!
b11011010110101010101011100001000 #
1$

#43850000
0!

#43855000
1!
b10110110101000100001111100011001 #
1$

#43860000
0!

#43865000
1!
b1010101100001011110110000001001 #
1$
b10000000000000001000000000000000 )
1*

#43870000
0!

#43875000
1!
b100110000010101110011111110011 #
1$
0*
1+

#43880000
0!

#43885000
1!
b1111011011101110110111010011000 #
1$

#43890000
0!

#43895000
1!
b10110001100111010000010100101100 #
1$

#43900000
0!

#43905000
1!
b1110111000010011011001100111110 #
1$
b1101111111111110000111000011000 )
1*

#43910000
0!

#43915000
1!
b1110011001001000110100100110000 #
1$
0*
1+

#43920000
0!

#43925000
1!
b1101011000011011010101001101100 #
1$

#43930000
0!

#43935000
1!
b11101100011011110001100110010110 #
1$

#43940000
0!

#43945000
1!
b1001000101100010001000000010011 #
1$
b10111001001100111100010101010100 )
1*

#43950000
0!

#43955000
1!
b11111100011000100010111001010011 #
1$
0*
1+

#43960000
0!

#43965000
1!
b1010001111000111010011110110011 #
1$

#43970000
0!

#43975000
1!
b11000011011110111100111111110100 #
1$

#43980000
0!

#43985000
1!
b1000010111110101010001110011001 #
1$
b1010011011011100001100110101011 )
1*

#43990000
0!

#43995000
1!
b10101001010101100010011000011111 #
1$
0*
1+

#44000000
0!

#44005000
1!
b11001011000010000100001001010001 #
1$

#44010000
0!

#44015000
1!
b11101101010011100011000010101010 #
1$

#44020000
0!

#44025000
1!
b10100110010110010001010011100010 #
1$
b11101100010111110010010000111001 )
1*

#44030000
0!

#44035000
1!
b11000110100101111011001110100111 #
1$
0*
1+

#44040000
0!

#44045000
1!
b110111000101011111011000110111 #
1$

#44050000
0!

#44055000
1!
b110110001010001111100001111001 #
1$

#44060000
0!

#44065000
1!
b1010110001010001111111100000111 #
1$
b100010110110000001001111100010 )
1*

#44070000
0!

#44075000
1!
b1101000100000001000000010011000 #
1$
0*
1+

#44080000
0!

#44085000
1!
b11000001101011011010100000011101 #
1$

#44090000
0!

#44095000
1!
b111110011001000100010000001111 #
1$

#44100000
0!

#44105000
1!
b10100111111111100010001101100111 #
1$
b10011100111110111100011101000 )
1*

#44110000
0!

#44115000
1!
b101101001010101010011100000111 #
1$
0*
1+

#44120000
0!

#44125000
1!
b10000100101101110010101111110111 #
1$

#44130000
0!

#44135000
1!
b10001001011110101101100111011110 #
1$

#44140000
0!

#44145000
1!
b1010110000100100101010110110011 #
1$
b1000100101010011110100000111001 )
1*

#44150000
0!

#44155000
1!
b111001000011111001111011100101 #
1$
0*
1+

#44160000
0!

#44165000
1!
b11001100100001011001001100101011 #
1$

#44170000
0!

#44175000
1!
b111111101101100100000001110001 #
1$

#44180000
0!

#44185000
1!
b11010000000111000110010111100110 #
1$
b1111111111111110111111111111111 )
1*

#44190000
0!

#44195000
1!
b1110111111110000101001001110 #
1$
0*
1+

#44200000
0!

#44205000
1!
b1000110001100011101011001101101 #
1$

#44210000
0!

#44215000
1!
b10110001000000111111111001010000 #
1$

#44220000
0!

#44225000
1!
b11011100111110111110101000001101 #
1$
b10011011110110000000010100110110 )
1*

#44230000
0!

#44235000
1!
b11011010010110110110001100110111 #
1$
0*
1+

#44240000
0!

#44245000
1!
b101100001111110110101001010010 #
1$

#44250000
0!

#44255000
1!
b10110111011001001111010010000100 #
1$

#44260000
0!

#44265000
1!
b11110011011110111000100110010 #
1$
b11010100100011111101110111001000 )
1*

#44270000
0!

#44275000
1!
b1000001000111000101111100111000 #
1$
0*
1+

#44280000
0!

#44285000
1!
b10111011000110111111001101101101 #
1$

#44290000
0!

#44295000
1!
b11011101011010001111100111010010 #
1$

#44300000
0!

#44305000
1!
b10001011010011011101111000011101 #
1$
b11100010101100001000000000000000 )
1*

#44310000
0!

#44315000
1!
b1001011111110000110110000000 #
1$
0*
1+

#44320000
0!

#44325000
1!
b1001001011000110000101101 #
1$

#44330000
0!

#44335000
1!
b101111100100101110100100010100 #
1$

#44340000
0!

#44345000
1!
b1010101000100110110001110101 #
1$
b110111101101110011101101110110 )
1*

#44350000
0!

#44355000
1!
b1011101001011000110010111101011 #
1$
0*
1+

#44360000
0!

#44365000
1!
b1011000010111011010100111010011 #
1$

#44370000
0!

#44375000
1!
b10011101110100101010110011111011 #
1$

#44380000
0!

#44385000
1!
b10111000111111010111101000011 #
1$
b11011110010011111010001100110000 )
1*

#44390000
0!

#44395000
1!
b101111001010001000110001001011 #
1$
0*
1+

#44400000
0!

#44405000
1!
b11110110100011100010001000101101 #
1$

#44410000
0!

#44415000
1!
b11000110011110101000011100100000 #
1$

#44420000
0!

#44425000
1!
b10100110100000000001000011110111 #
1$
b1100101110010111100001010110100 )
1*

#44430000
0!

#44435000
1!
b1000000100100010001101101011101 #
1$
0*
1+

#44440000
0!

#44445000
1!
b10000100010010100100011000010111 #
1$

#44450000
0!

#44455000
1!
b110101000111111101011010100 #
1$

#44460000
0!

#44465000
1!
b1111110011010111101000011001110 #
1$
b11100010111101110110100011111011 )
1*

#44470000
0!

#44475000
1!
b111000011011111101110000100011 #
1$
0*
1+

#44480000
0!

#44485000
1!
b10101010100100110010100101100011 #
1$

#44490000
0!

#44495000
1!
b1011001010000001000111111100011 #
1$

#44500000
0!

#44505000
1!
b101000000111111100000010011101 #
1$
b11010010000001111010110100000100 )
1*

#44510000
0!

#44515000
1!
b1001000001100111110111011000100 #
1$
0*
1+

#44520000
0!

#44525000
1!
b11000100011101100000001100001101 #
1$

#44530000
0!

#44535000
1!
b1110001010001111011001001101001 #
1$

#44540000
0!

#44545000
1!
b101101101011000010110101100000 #
1$
b11011000100101011111100100100000 )
1*

#44550000
0!

#44555000
1!
b10111100001000100001001010111110 #
1$
0*
1+

#44560000
0!

#44565000
1!
b11011000100101101011111100100000 #
1$

#44570000
0!

#44575000
1!
b10101101010101100110111011110100 #
1$

#44580000
0!

#44585000
1!
b10000010011111001111011001110000 #
1$
b1101101001111011010110001010110 )
1*

#44590000
0!

#44595000
1!
b10010010111110101001111011100000 #
1$
0*
1+

#44600000
0!

#44605000
1!
b10100111000100110100000001010101 #
1$

#44610000
0!

#44615000
1!
b1011110111011001011001010011000 #
1$

#44620000
0!

#44625000
1!
b11011111101100011100010110100 #
1$
b10110111011011110010101001111100 )
1*

#44630000
0!

#44635000
1!
b11110001110001010110011011000111 #
1$
0*
1+

#44640000
0!

#44645000
1!
b101000000110000111110010111 #
1$

#44650000
0!

#44655000
1!
b1110001010010100101111010001011 #
1$

#44660000
0!

#44665000
1!
b11100100001110101100101011100000 #
1$
b10000000000000001100010100010010 )
1*

#44670000
0!

#44675000
1!
b11100110101111110010001111110001 #
1$
0*
1+

#44680000
0!

#44685000
1!
b10101101001100101010101111010001 #
1$

#44690000
0!

#44695000
1!
b10100101110111101001011010000110 #
1$

#44700000
0!

#44705000
1!
b10000101111011010100100111011110 #
1$
b10110101110110111001100111011011 )
1*

#44710000
0!

#44715000
1!
b1101110011100011010101101001 #
1$
0*
1+

#44720000
0!

#44725000
1!
b10001101100010110111011100010 #
1$

#44730000
0!

#44735000
1!
b110111101100110101010111010 #
1$

#44740000
0!

#44745000
1!
b111101000111100101111101011111 #
1$
b11010100110101010100110010110100 )
1*

#44750000
0!

#44755000
1!
b10100101110111010001111011111101 #
1$
0*
1+

#44760000
0!

#44765000
1!
b10011110101100000111011100110 #
1$

#44770000
0!

#44775000
1!
b1110001110101101011111111001010 #
1$

#44780000
0!

#44785000
1!
b11011001100011010111100010010 #
1$
b11111110101000100101010111010011 )
1*

#44790000
0!

#44795000
1!
b1000111000000111111001100000010 #
1$
0*
1+

#44800000
0!

#44805000
1!
b1110011010001101100001000 #
1$

#44810000
0!

#44815000
1!
b10011100000011101110100000001101 #
1$

#44820000
0!

#44825000
1!
b1111100001010110111100110010011 #
1$
b11001111111111111111011101011101 )
1*

#44830000
0!

#44835000
1!
b11011001001100100101010010101111 #
1$
0*
1+

#44840000
0!

#44845000
1!
b10101100011101010001111101011011 #
1$

#44850000
0!

#44855000
1!
b10010011110011110100000101011 #
1$

#44860000
0!

#44865000
1!
b10011110110001011000111010011010 #
1$
b10100001010111101001000100100111 )
1*

#44870000
0!

#44875000
1!
b11011111010010010110011001010011 #
1$
0*
1+

#44880000
0!

#44885000
1!
b1011111010010100010011111111 #
1$

#44890000
0!

#44895000
1!
b10000001111110011101011010101101 #
1$

#44900000
0!

#44905000
1!
b1100011000011001010100111011010 #
1$
b1100010111000000010001110001001 )
1*

#44910000
0!

#44915000
1!
b10111101110101000100010011011111 #
1$
0*
1+

#44920000
0!

#44925000
1!
b10010110100000000011000000010 #
1$

#44930000
0!

#44935000
1!
b101100010111010010111111101101 #
1$

#44940000
0!

#44945000
1!
b11101000001000100010001101010000 #
1$
b10110010010000110011000101010101 )
1*

#44950000
0!

#44955000
1!
b1101000101010100010010011110111 #
1$
0*
1+

#44960000
0!

#44965000
1!
b1000111011101101010000001110101 #
1$
1(

#44970000
0!

#44975000
1!
0$

#44980000
0!

#44985000
1!
b10001011011000001000000000000000 )
1*

#44990000
0!

#44995000
1!
0*
1+

#45000000
0!

#45005000
1!

#45010000
0!

#45015000
1!

#45020000
0!

#45025000
1!
b1111111111111110111111111111111 )
1*

#45030000
0!

#45035000
1!
0*
1+

#45040000
0!

#45045000
1!

#45050000
0!

#45055000
1!

#45060000
0!

#45065000
1!
b10010101001101111101111010011010 )
1*
1.

#45070000
0!

#45075000
1!
0*
1+

#45080000
0!

#45085000
1!

#45090000
0!

#45095000
1!

#45100000
0!

#45105000
1!

#45110000
0!

#45115000
1!
b111110100000001111101000 )
1*
0.

#45120000
0!

#45125000
1!
b0 )
1+
1.

#45130000
0!

#45135000
1!
0*
1+
16

#45140000
0!

#45145000
1!
06
07
19
1:

#45150000
0!

#45155000
1!
17
09
0:

#45160000
0!

#45165000
1!
b10000000001111000 #
1$
0(

#45165010
1/

#45170000
0!

#45175000
1!
b100000 #
1$
1(
0/
00
12
13

#45180000
0!

#45185000
1!
b1111111111111110111111111111111 #
1$
0%
0(
02
03
1=
1>

#45190000
0!

#45195000
1!
1%
10
0=
0>

#45200000
0!

#45205000
1!
1$
b10000000001111000 )
1*

#45210000
0!

#45215000
1!
1$
0%
0*
1+

#45220000
0!

#45225000
1!

#45230000
0!

#45235000
1!
1%

#45240000
0!

#45245000
1!
1$

#45250000
0!

#45255000
1!
1$

#45260000
0!

#45265000
1!
1$

#45270000
0!

#45275000
1!
1$

#45280000
0!

#45285000
1!
1$

#45290000
0!

#45295000
1!
b10000000000000001000000000000000 #
1$

#45300000
0!

#45305000
1!
1$

#45310000
0!

#45315000
1!
1$

#45320000
0!

#45325000
1!
1$

#45330000
0!

#45335000
1!
1$

#45340000
0!

#45345000
1!
1$

#45350000
0!

#45355000
1!
1$

#45360000
0!

#45365000
1!
1$
1(

#45370000
0!

#45375000
1!
0$

#45380000
0!

#45385000
1!

#45390000
0!

#45395000
1!

#45400000
0!

#45405000
1!

#45410000
0!

#45415000
1!

#45420000
0!

#45425000
1!

#45430000
0!

#45435000
1!

#45440000
0!

#45445000
1!

#45450000
0!

#45455000
1!

#45460000
0!

#45465000
1!

#45470000
0!

#45475000
1!

#45480000
0!

#45485000
1!

#45490000
0!

#45495000
1!

#45500000
0!

#45505000
1!

#45510000
0!

#45515000
1!

#45520000
0!

#45525000
1!

#45530000
0!

#45535000
1!

#45540000
0!

#45545000
1!

#45550000
0!

#45555000
1!

#45560000
0!

#45565000
1!

#45570000
0!

#45575000
1!

#45580000
0!

#45585000
1!

#45590000
0!

#45595000
1!

#45600000
0!

#45605000
1!

#45610000
0!

#45615000
1!

#45620000
0!

#45625000
1!

#45630000
0!

#45635000
1!

#45640000
0!

#45645000
1!

#45650000
0!

#45655000
1!

#45660000
0!

#45665000
1!

#45670000
0!

#45675000
1!

#45680000
0!

#45685000
1!

#45690000
0!

#45695000
1!

#45700000
0!

#45705000
1!

#45710000
0!

#45715000
1!

#45720000
0!

#45725000
1!

#45730000
0!

#45735000
1!

#45740000
0!

#45745000
1!

#45750000
0!

#45755000
1!

#45760000
0!

#45765000
1!
b100000 )
1*
0.

#45770000
0!

#45775000
1!
b0 )
1+
1.

#45780000
0!

#45785000
1!
0*
1+
16

#45790000
0!

#45795000
1!
06
07
19
1:

#45800000
0!

#45805000
1!
17
09
0:

#45810000
0!

#45815000
1!
b100000000001111001 #
1$
0(

#45815010
1/

#45820000
0!

#45825000
1!
b10000000001100001 #
1$
1(
0/
00
12
13

#45830000
0!

#45835000
1!
b1111111111111110111111111111111 #
1$
0%
0(
02
03
1=
1>

#45840000
0!

#45845000
1!
1%
10
0=
0>

#45850000
0!

#45855000
1!
1$
b100000000001111001 )
1*

#45860000
0!

#45865000
1!
1$
0%
0*
1+

#45870000
0!

#45875000
1!

#45880000
0!

#45885000
1!

#45890000
0!

#45895000
1!

#45900000
0!

#45905000
1!
1%

#45910000
0!

#45915000
1!
1$

#45920000
0!

#45925000
1!
1$

#45930000
0!

#45935000
1!
1$

#45940000
0!

#45945000
1!
1$

#45950000
0!

#45955000
1!
1$

#45960000
0!

#45965000
1!
1$

#45970000
0!

#45975000
1!
1$

#45980000
0!

#45985000
1!
1$
b1111111111111110111111111111110 )
1*
0.

#45990000
0!

#45995000
1!
1$
b1111111111111110111111111111111 )
1+

#46000000
0!

#46005000
1!
1$
1+

#46010000
0!

#46015000
1!
1$
1+

#46020000
0!

#46025000
1!
1$
1+

#46030000
0!

#46035000
1!
1$
1+

#46040000
0!

#46045000
1!
1$
1+

#46050000
0!

#46055000
1!
1$
1+

#46060000
0!

#46065000
1!
1$
1+

#46070000
0!

#46075000
1!
1$
1+

#46080000
0!

#46085000
1!
b10000000000000001000000000000000 #
1$
1+

#46090000
0!

#46095000
1!
1$
1+

#46100000
0!

#46105000
1!
1$
1+

#46110000
0!

#46115000
1!
1$
1+

#46120000
0!

#46125000
1!
1$
1+

#46130000
0!

#46135000
1!
1$
b11111111111100000111111111101111 )
1+

#46140000
0!

#46145000
1!
1$
b11111111111100001111111111110000 )
1+

#46150000
0!

#46155000
1!
1$
1+

#46160000
0!

#46165000
1!
1$
1+

#46170000
0!

#46175000
1!
1$
1+

#46180000
0!

#46185000
1!
1$
b10000000000000001000000000000000 )
1+

#46190000
0!

#46195000
1!
1$
1+

#46200000
0!

#46205000
1!
1$
1+

#46210000
0!

#46215000
1!
1$
1+

#46220000
0!

#46225000
1!
1$
1+

#46230000
0!

#46235000
1!
1$
1+

#46240000
0!

#46245000
1!
1$
1+

#46250000
0!

#46255000
1!
1$
1+

#46260000
0!

#46265000
1!
1$
1+

#46270000
0!

#46275000
1!
1$
1+

#46280000
0!

#46285000
1!
b101001100110111110101111101101 #
1$
1+

#46290000
0!

#46295000
1!
b10110101111001111101010110100 #
1$
1+

#46300000
0!

#46305000
1!
b1001100100000000010011001001101 #
1$
1+

#46310000
0!

#46315000
1!
b10010111100010111111011010000101 #
1$
1+

#46320000
0!

#46325000
1!
b1100001000101111000110011000010 #
1$
1+

#46330000
0!

#46335000
1!
b11010011011100110110000010110001 #
1$
b100001000000000000000 )
1+

#46340000
0!

#46345000
1!
b10001100101011110110110111100110 #
1$
b100000000000000010000 )
1+

#46350000
0!

#46355000
1!
b11011101100100000101011101101001 #
1$
1+

#46360000
0!

#46365000
1!
b1100001100011010 #
1$
1(
1+

#46370000
0!

#46375000
1!
0$
1+

#46380000
0!

#46385000
1!
b1111111111111110110101111111100 )
1+

#46390000
0!

#46395000
1!
b1111111111111110111111111111111 )
1+

#46400000
0!

#46405000
1!
1+

#46410000
0!

#46415000
1!
1+

#46420000
0!

#46425000
1!
1+

#46430000
0!

#46435000
1!
1+

#46440000
0!

#46445000
1!
1+

#46450000
0!

#46455000
1!
1+

#46460000
0!

#46465000
1!
b111111111111111 )
1+
1.

#46470000
0!

#46475000
1!
0*
1+

#46480000
0!

#46485000
1!

#46490000
0!

#46495000
1!

#46500000
0!

#46505000
1!

#46510000
0!

#46515000
1!
b11000010000000001100001 )
1*
0.

#46520000
0!

#46525000
1!
b0 )
1+
1.

#46530000
0!

#46535000
1!
0*
1+
16

#46540000
0!

#46545000
1!
06
07
19
1:

#46550000
0!

#46555000
1!
17
09
0:

#46560000
0!

#46565000
1!
b100000000010000010 #
1$
0(

#46565010
1/

#46570000
0!

#46575000
1!
b10000000000000000 #
1$
1(
0/
00
12
13

#46580000
0!

#46585000
1!
0$
0%
02
03
1=
1>

#46590000
0!

#46595000
1!
1%
10
0=
0>

#46600000
0!

#46605000
1!
b100000000010000010 )
1*

#46610000
0!

#46615000
1!
0*
1+

#46620000
0!

#46625000
1!

#46630000
0!

#46635000
1!

#46640000
0!

#46645000
1!
b0 )
1*
0.

#46650000
0!

#46655000
1!
1+
1.

#46660000
0!

#46665000
1!
0*
1+
16

#46670000
0!

#46675000
1!
06
07
19
1:

#46680000
0!

#46685000
1!
17
09
0:

#46690000
0!

#46695000
1!
b110000000010000011 #
1$
0(

#46695010
1/

#46700000
0!

#46705000
1!
b0 #
1$
1(
0/
00
12
13

#46710000
0!

#46715000
1!
0$
0%
02
03
1=
1>

#46720000
0!

#46725000
1!
1%
10
0=
0>

#46730000
0!

#46735000
1!
b110000000010000011 )
1*

#46740000
0!

#46745000
1!
b100000 )
1+
0.

#46750000
0!

#46755000
1!
b1100001 )
1+

#46760000
0!

#46765000
1!
b1100000000000001101 )
1+
1.

#46770000
0!

#46775000
1!
0*
1+

#46780000
0!

#46785000
1!

#46790000
0!

#46795000
1!
b0 )
1*
0.

#46800000
0!

#46805000
1!
1+
1.

#46810000
0!

#46815000
1!
0*
1+
16

#46820000
0!

#46825000
1!
06
07
19
1:

#46830000
0!

#46835000
1!
17
09
0:

#46840000
0!

#46845000
1!

#46850000
0!

#46855000
1!

#46860000
0!

#46865000
1!

#46870000
0!

#46875000
1!

#46880000
0!

#46885000
1!

#46890000
0!

#46895000
1!

#46900000
0!

#46905000
1!

#46910000
0!

#46915000
1!
